dataset,scope,comparison,metric,delta,ci_low,ci_high,p_boot,origins_positive,p_holm
Dunnhumby,day 347,M1 - M0,auc,-0.005255185011918351,-0.02932245188061196,0.02392762744721288,0.8,,
Dunnhumby,POOLED,M1 - M0,auc,-0.005255185011918351,-0.02932245188061196,0.02392762744721288,0.8,0/1,1.0
Dunnhumby,day 347,M1 - M0,spend_r2,0.0002276649918842022,-0.03535655900575807,0.043422859629568884,0.89,,
Dunnhumby,POOLED,M1 - M0,spend_r2,0.0002276649918842022,-0.03535655900575807,0.043422859629568884,0.89,1/1,1.0
Dunnhumby,day 347,M1 - M0,invoice_r2,-0.005758299644468834,-0.04027616991186757,0.030881525151161642,0.84,,
Dunnhumby,POOLED,M1 - M0,invoice_r2,-0.005758299644468834,-0.04027616991186757,0.030881525151161642,0.84,0/1,1.0
Dunnhumby,day 347,M2 - M0,auc,-0.005328699681436455,-0.03222419435682508,0.02254340084758342,0.85,,
Dunnhumby,POOLED,M2 - M0,auc,-0.005328699681436455,-0.03222419435682508,0.02254340084758342,0.85,0/1,1.0
Dunnhumby,day 347,M2 - M0,spend_r2,-0.0058225391970827545,-0.04002225820511758,0.03454859631108554,0.95,,
Dunnhumby,POOLED,M2 - M0,spend_r2,-0.0058225391970827545,-0.04002225820511758,0.03454859631108554,0.95,0/1,1.0
Dunnhumby,day 347,M2 - M0,invoice_r2,-0.01145704117854629,-0.04311464995594072,0.02767350829711718,0.63,,
Dunnhumby,POOLED,M2 - M0,invoice_r2,-0.01145704117854629,-0.04311464995594072,0.02767350829711718,0.63,0/1,1.0
Dunnhumby,day 347,M3 - M0,auc,-0.0011294526498697444,-0.027503777647209276,0.026050924757395625,0.92,,
Dunnhumby,POOLED,M3 - M0,auc,-0.0011294526498697444,-0.027503777647209276,0.026050924757395625,0.92,0/1,1.0
Dunnhumby,day 347,M3 - M0,spend_r2,-0.0029218972793718656,-0.04236456139353535,0.04243816981543712,0.95,,
Dunnhumby,POOLED,M3 - M0,spend_r2,-0.0029218972793718656,-0.04236456139353535,0.04243816981543712,0.95,0/1,1.0
Dunnhumby,day 347,M3 - M0,invoice_r2,-0.0019140163463297055,-0.03892720782431526,0.039609431142139655,0.93,,
Dunnhumby,POOLED,M3 - M0,invoice_r2,-0.0019140163463297055,-0.03892720782431526,0.039609431142139655,0.93,0/1,1.0
