dataset,pair,arm,subset,n_customers,core_jaccard,fuzzy_jaccard
CDNOW,1997-09-30 -> 1997-12-31,crisp_rfm_fca,all,23500,0.6968284547603697,0.6968284547603697
CDNOW,1997-09-30 -> 1997-12-31,crisp_rfm_fca,stable,14275,0.8398626672024221,0.8398626672024221
CDNOW,1997-09-30 -> 1997-12-31,fuzzy_rfm_fca,all,23500,0.6167403066513516,0.5865702034961338
CDNOW,1997-09-30 -> 1997-12-31,fuzzy_rfm_fca,stable,14275,0.759311098222657,0.7031261104261928
CDNOW,1997-09-30 -> 1997-12-31,fuzzy_rfm_fca_matched,all,23500,0.6162246210922994,0.5875742989434047
CDNOW,1997-09-30 -> 1997-12-31,fuzzy_rfm_fca_matched,stable,14275,0.760895369856841,0.7078979023288355
CDNOW,1997-12-31 -> 1998-03-31,crisp_rfm_fca,all,23502,0.7844038663990156,0.7844038663990156
CDNOW,1997-12-31 -> 1998-03-31,crisp_rfm_fca,stable,16373,0.9012269544349799,0.9012269544349799
CDNOW,1997-12-31 -> 1998-03-31,fuzzy_rfm_fca,all,23502,0.7905226068417436,0.7344306074360286
CDNOW,1997-12-31 -> 1998-03-31,fuzzy_rfm_fca,stable,16373,0.9041494206506727,0.8446751009761804
CDNOW,1997-12-31 -> 1998-03-31,fuzzy_rfm_fca_matched,all,23502,0.7910773815606069,0.7363103838466454
CDNOW,1997-12-31 -> 1998-03-31,fuzzy_rfm_fca_matched,stable,16373,0.9023838334822882,0.8465210703126558
