intent,intent_size,dimensions,n_customers,support,stability_proxy
F1@0.3 & F1@0.5 & F1@0.7,3,F,90556,0.9699968936448258,0.9985865100048589
S5@0.3,1,S,55408,0.5935066465289158,0.9985200693040717
S5@0.3 & S5@0.5,2,S,55389,0.5933031267071563,0.9985195616458141
S5@0.3 & S5@0.5 & S5@0.7,3,S,55072,0.5899075591546429,0.9985655142359093
F1@0.3 & F1@0.5 & F1@0.7 & S5@0.3 & S5@0.5,5,FS,53681,0.5750077658879356,0.9995156573089174
F1@0.3 & F1@0.5 & F1@0.7 & S5@0.3 & S5@0.5 & S5@0.7,6,FS,53676,0.5749542080401041,0.9995156121916685
M1@0.3,1,M,40640,0.4353181871739666,0.9977116141732284
F1@0.3 & F1@0.5 & F1@0.7 & M1@0.3,4,FM,40412,0.43287594931285284,0.9987627437394834
M2@0.3,1,M,35314,0.3782683676639138,0.995695758056295
M1@0.3 & M1@0.5,2,M,34954,0.3744122026200499,0.9985981575785318
F1@0.3 & F1@0.5 & F1@0.7 & M1@0.3 & M1@0.5,5,FM,34801,0.37277333247640776,0.999281629838223
F1@0.3 & F1@0.5 & F1@0.7 & M2@0.3,4,FM,34594,0.37055603757618605,0.9978319939873966
R4@0.3,1,R,34292,0.3673211435671669,0.9951008981686691
F1@0.3 & F1@0.5 & F1@0.7 & R4@0.3,4,FR,33211,0.35574193686600897,0.9977116015777905
R5@0.3,1,R,30579,0.3275490857675375,0.995846822983093
F1@0.3 & F1@0.5 & F1@0.7 & R5@0.3,4,FR,29575,0.31679466992298383,0.9983093829247676
R3@0.3,1,R,28842,0.3089430894308943,0.9942445045419874
M1@0.3 & M1@0.5 & M1@0.7,3,M,28662,0.3070150069089624,0.9983950875723955
F1@0.3 & F1@0.5 & F1@0.7 & M1@0.3 & M1@0.5 & M1@0.7,6,FM,28574,0.306072388787129,0.9991250787429131
F1@0.3 & F1@0.5 & F1@0.7 & R3@0.3,4,FR,27990,0.2998168321604165,0.9972847445516256
R4@0.3 & R4@0.5,2,R,25451,0.27262015703160986,0.9971317433499666
R5@0.3 & R5@0.5,2,R,25348,0.2715168653662821,0.9972778917468834
M2@0.3 & M2@0.5,2,M,25239,0.2703493042835567,0.9968303023099172
F1@0.3 & F1@0.5 & F1@0.7 & M2@0.3 & M2@0.5,5,FM,24710,0.26468288398299,0.9982193443949818
F1@0.3 & F1@0.5 & F1@0.7 & R4@0.3 & R4@0.5,5,FR,24636,0.2638902278350847,0.9989446338691346
M1@0.3 & S5@0.3 & S5@0.5,3,MS,24553,0.2630011675610827,0.9989817944853989
M1@0.3 & S5@0.3 & S5@0.5 & S5@0.7,4,MS,24515,0.26259412791756376,0.9989802161941669
F1@0.3 & F1@0.5 & F1@0.7 & R5@0.3 & R5@0.5,5,FR,24500,0.26243345437406945,0.9989795918367347
F1@0.3 & F1@0.5 & F1@0.7 & M1@0.3 & S5@0.3 & S5@0.5,6,FMS,24404,0.2614051436957057,0.9995902311096542
F1@0.3 & F1@0.5 & F1@0.7 & M1@0.3 & S5@0.3 & S5@0.5 & S5@0.7,7,FMS,24400,0.2613622974174406,0.9995901639344262
M3@0.3,1,M,23934,0.25637070599955014,0.9931060416144397
F1@0.3 & F1@0.5 & F1@0.7 & M3@0.3,4,FM,22927,0.24558415544629755,0.9966851310681729
M1@0.3 & M1@0.5 & S5@0.3 & S5@0.5,4,MS,21216,0.22725665991837785,0.9994343891402715
M1@0.3 & M1@0.5 & S5@0.3 & S5@0.5 & S5@0.7,5,MS,21186,0.22693531283138918,0.9994335882186349
F1@0.3 & F1@0.5 & F1@0.7 & M1@0.3 & M1@0.5 & S5@0.3 & S5@0.5,7,FMS,21117,0.22619621453131528,0.9997632239427949
F1@0.3 & F1@0.5 & F1@0.7 & M1@0.3 & M1@0.5 & S5@0.3 & S5@0.5 & S5@0.7,8,FMS,21113,0.22615336825305013,0.9997631790839767
M2@0.3 & S5@0.3,2,MS,20937,0.22426813200938334,0.9980895066150833
M2@0.3 & S5@0.3 & S5@0.5,3,MS,20936,0.22425742043981706,0.9980894153611005
M2@0.3 & S5@0.3 & S5@0.5 & S5@0.7,4,MS,20853,0.2233683601658151,0.9981777202321009
R3@0.3 & R3@0.5,2,R,20638,0.22106537270906307,0.9952030235487935
F1@0.3 & F1@0.5 & F1@0.7 & M2@0.3 & S5@0.3 & S5@0.5,6,FMS,20488,0.21945863727411977,0.9992678641155799
F1@0.3 & F1@0.5 & F1@0.7 & M2@0.3 & S5@0.3 & S5@0.5 & S5@0.7,7,FMS,20487,0.2194479257045535,0.999267828378972
F1@0.3 & F1@0.5 & F1@0.7 & R3@0.3 & R3@0.5,5,FR,20035,0.21460629626059105,0.997504367357125
R2@0.3,1,R,19595,0.2098932056514241,0.9924980862464915
R4@0.3 & S5@0.3,2,RS,19433,0.20815793138168537,0.9978387279370143
R4@0.3 & S5@0.3 & S5@0.5,3,RS,19426,0.20808295039472133,0.9978379491403274
R5@0.3 & R5@0.5 & R5@0.7,3,R,19414,0.2079544115599259,0.9965488822499228
R5@0.3 & S5@0.3,2,RS,19375,0.20753666034684062,0.9984
R5@0.3 & S5@0.3 & S5@0.5,3,RS,19368,0.2074616793598766,0.9983994217265593
R4@0.3 & S5@0.3 & S5@0.5 & S5@0.7,4,RS,19303,0.20676542733806785,0.9978241724084339
R5@0.3 & S5@0.3 & S5@0.5 & S5@0.7,4,RS,19222,0.20589779020319848,0.9983872645926543
F1@0.3 & F1@0.5 & F1@0.7 & R2@0.3,4,FR,19053,0.2040875349464957,0.9959586416837244
F1@0.3 & F1@0.5 & F1@0.7 & R4@0.3 & S5@0.3 & S5@0.5,6,FRS,18795,0.20132394999839326,0.9992019154030327
F1@0.3 & F1@0.5 & F1@0.7 & R4@0.3 & S5@0.3 & S5@0.5 & S5@0.7,7,FRS,18793,0.2013025268592607,0.9992018304687915
F1@0.3 & F1@0.5 & F1@0.7 & R5@0.3 & R5@0.5 & R5@0.7,6,FR,18757,0.2009169103548743,0.9986671642586767
S4@0.3,1,S,18731,0.2006384095461508,0.9918317228124499
F1@0.3 & F1@0.5 & F1@0.7 & R5@0.3 & S5@0.3 & S5@0.5,6,FRS,18715,0.20046702443309017,0.9994656692492653
F1@0.3 & F1@0.5 & F1@0.7 & R5@0.3 & S5@0.3 & S5@0.5 & S5@0.7,7,FRS,18714,0.2004563128635239,0.9994656406968045
S4@0.3 & S4@0.5,2,S,18707,0.20038133187655988,0.9920350670871866
S4@0.3 & S4@0.5 & S4@0.7,3,S,18219,0.19515408592821107,0.9961029694275207
F1@0.3 & F1@0.5 & F1@0.7 & S4@0.3 & S4@0.5,5,FS,17860,0.19130863245391347,0.9982642777155655
F1@0.3 & F1@0.5 & F1@0.7 & S4@0.3 & S4@0.5 & S4@0.7,6,FS,17853,0.19123365146694946,0.9985996751246289
M1@0.3 & M1@0.5 & M1@0.7 & S5@0.3 & S5@0.5,5,MS,17444,0.18685261951433743,0.9993694106856226
M1@0.3 & M1@0.5 & M1@0.7 & S5@0.3 & S5@0.5 & S5@0.7,6,MS,17428,0.18668123440127682,0.9993688317649759
F1@0.3 & F1@0.5 & F1@0.7 & M1@0.3 & M1@0.5 & M1@0.7 & S5@0.3 & S5@0.5,8,FMS,17384,0.18620992534036013,0.9997123791992637
F1@0.3 & F1@0.5 & F1@0.7 & M1@0.3 & M1@0.5 & M1@0.7 & S5@0.3 & S5@0.5 & S5@0.7,9,FMS,17381,0.18617779063166126,0.9997123295552615
M3@0.3 & M3@0.5,2,M,17346,0.18580288569684117,0.9923901764095469
R3@0.3 & S5@0.3,2,RS,16831,0.18028642737020256,0.9973263620699899
R3@0.3 & S5@0.3 & S5@0.5,3,RS,16826,0.1802328695223711,0.9973849994056817
R3@0.3 & S5@0.3 & S5@0.5 & S5@0.7,4,RS,16731,0.1792152704135737,0.9974896897973821
F1@0.3 & F1@0.5 & F1@0.7 & M3@0.3 & M3@0.5,5,FM,16593,0.17773707381342588,0.995600554450672
F1@0.3 & F1@0.5 & F1@0.7 & R3@0.3 & S5@0.3 & S5@0.5,6,FRS,16299,0.17458787236093704,0.999018344683723
F1@0.3 & F1@0.5 & F1@0.7 & R3@0.3 & S5@0.3 & S5@0.5 & S5@0.7,7,FRS,16296,0.17455573765223817,0.9990181639666176
R5@0.3 & R5@0.5 & S5@0.3,3,RS,16183,0.17334533029124757,0.9989495149230674
R5@0.3 & R5@0.5 & S5@0.3 & S5@0.5,4,RS,16176,0.17327034930428356,0.9989490603363007
R5@0.3 & R5@0.5 & S5@0.3 & S5@0.5 & S5@0.7,5,RS,16055,0.17197424938676265,0.9989411398318281
F1@0.3 & F1@0.5 & F1@0.7 & R5@0.3 & R5@0.5 & S5@0.3 & S5@0.5,7,FRS,15617,0.16728258191672826,0.9996798360760709
F1@0.3 & F1@0.5 & F1@0.7 & R5@0.3 & R5@0.5 & S5@0.3 & S5@0.5 & S5@0.7,8,FRS,15616,0.16727187034716198,0.9996798155737705
R4@0.3 & R4@0.5 & R4@0.7,3,R,15298,0.1638655912250822,0.9955549745064715
M2@0.3 & M2@0.5 & M2@0.7,3,M,15023,0.16091990959435287,0.9962058177461226
M2@0.3 & M2@0.5 & S5@0.3,3,MS,14909,0.15969879066379597,0.998591454825944
M2@0.3 & M2@0.5 & S5@0.3 & S5@0.5,4,MS,14908,0.1596880790942297,0.9985913603434398
M2@0.3 & M2@0.5 & S5@0.3 & S5@0.5 & S5@0.7,5,MS,14851,0.15907751962895122,0.9986532893407851
F1@0.3 & F1@0.5 & F1@0.7 & R4@0.3 & R4@0.5 & R4@0.7,6,FR,14788,0.15840269074627505,0.998241817690019
M1@0.3 & R4@0.3,2,MR,14739,0.1578778238375269,0.9968790284279802
F1@0.3 & F1@0.5 & F1@0.7 & M2@0.3 & M2@0.5 & M2@0.7,6,FM,14699,0.15744936105487536,0.9982992040274848
F1@0.3 & F1@0.5 & F1@0.7 & M1@0.3 & R4@0.3,5,FMR,14662,0.15705303298092269,0.9979538944209522
F1@0.3 & F1@0.5 & F1@0.7 & M2@0.3 & M2@0.5 & S5@0.3 & S5@0.5 & S5@0.7,8,FMS,14579,0.15616397270692076,0.9993140818986213
M4@0.3,1,M,14287,0.1530361943935645,0.98761111499965
R2@0.3 & R2@0.5,2,R,14122,0.15126878541512687,0.9929188500212435
M3@0.3 & S5@0.3,2,MS,14082,0.15084032263247535,0.9972305070302514
R3@0.3 & R3@0.5 & R3@0.7,3,R,14077,0.1507867647846439,0.9956666903459543
M3@0.3 & S5@0.3 & S5@0.5,3,MS,14076,0.15077605321507762,0.9973003694231316
R4@0.3 & R4@0.5 & S5@0.3,3,RS,14034,0.15032616729329348,0.9988599116431524
R4@0.3 & R4@0.5 & S5@0.3 & S5@0.5,4,RS,14029,0.15027260944546203,0.9988595053104284
M3@0.3 & S5@0.3 & S5@0.5 & S5@0.7,4,MS,13968,0.14961920370191845,0.9972794959908362
R4@0.3 & R4@0.5 & S5@0.3 & S5@0.5 & S5@0.7,5,RS,13942,0.14934070289319493,0.998852388466504
F1@0.3 & F1@0.5 & F1@0.7 & R2@0.3 & R2@0.5,5,FR,13729,0.14705913857557548,0.9962123971155947
F1@0.3 & F1@0.5 & F1@0.7 & R3@0.3 & R3@0.5 & R3@0.7,6,FR,13667,0.1463950212624656,0.9981707763225287
F1@0.3 & F1@0.5 & F1@0.7 & R4@0.3 & R4@0.5 & S5@0.3 & S5@0.5,7,FRS,13573,0.14538813372323448,0.9996316216017093
F1@0.3 & F1@0.5 & F1@0.7 & R4@0.3 & R4@0.5 & S5@0.3 & S5@0.5 & S5@0.7,8,FRS,13572,0.14537742215366817,0.9996315944591807
F1@0.3 & F1@0.5 & F1@0.7 & M3@0.3 & S5@0.3 & S5@0.5 & S5@0.7,7,FMS,13452,0.14409203380571356,0.9988849241748439
F1@0.3 & F1@0.5 & F1@0.7 & M4@0.3,4,FM,13151,0.1408678513662607,0.9942970116340962
M1@0.3 & R5@0.3,2,MR,12905,0.13823280525295373,0.9972878729174739
F1@0.3 & F1@0.5 & F1@0.7 & M1@0.3 & R5@0.3,5,FMR,12828,0.1374080143963495,0.9984409105082632
M2@0.3 & R4@0.3,2,MR,12668,0.13569416326574332,0.9940795705715187
M1@0.3 & M1@0.5 & R4@0.3,3,MR,12642,0.13541566245701983,0.9981806676158835
M1@0.3 & R3@0.3,2,MR,12631,0.13529783519179064,0.9965165070065711
F1@0.3 & F1@0.5 & F1@0.7 & M1@0.3 & M1@0.5 & R4@0.3,6,FMR,12595,0.13491221868740427,0.9988090512107979
F1@0.3 & F1@0.5 & F1@0.7 & M1@0.3 & R3@0.3,5,FMR,12573,0.13467656415694593,0.9976139346218086
R5@0.3 & R5@0.5 & R5@0.7 & S5@0.3,4,RS,12545,0.13437664020908985,0.9986448784376245
R5@0.3 & R5@0.5 & R5@0.7 & S5@0.3 & S5@0.5,5,RS,12540,0.1343230823612584,0.9986443381180223
R5@0.3 & R5@0.5 & R5@0.7 & S5@0.3 & S5@0.5 & S5@0.7,6,RS,12449,0.13334832953072615,0.9986344284681501
F1@0.3 & F1@0.5 & F1@0.7 & M2@0.3 & R4@0.3,5,FMR,12412,0.13295200145677347,0.9963744763132453
F1@0.3 & F1@0.5 & F1@0.7 & R5@0.3 & R5@0.5 & R5@0.7 & S5@0.3 & S5@0.5 & S5@0.7,9,FRS,12107,0.12968497273905547,0.9995870157759974
R2@0.3 & S5@0.3,2,RS,11996,0.12849598851719743,0.9967489163054352
R2@0.3 & S5@0.3 & S5@0.5,3,RS,11991,0.12844243066936598,0.9967475606705029
M1@0.3 & M2@0.3,2,M,11978,0.12830318026500423,0.992736683920521
R2@0.3 & S5@0.3 & S5@0.5 & S5@0.7,4,RS,11940,0.12789614062148527,0.9969011725293132
R3@0.3 & R3@0.5 & S5@0.3,3,RS,11889,0.12734985057360454,0.9976448818235344
R3@0.3 & R3@0.5 & S5@0.3 & S5@0.5,4,RS,11886,0.12731771586490567,0.9976442873969376
F1@0.3 & F1@0.5 & F1@0.7 & M1@0.3 & M2@0.3,5,FM,11838,0.12680356052572384,0.9957763135664808
R3@0.3 & R3@0.5 & S5@0.3 & S5@0.5 & S5@0.7,5,RS,11816,0.1265679059952655,0.9977995937711578
F1@0.3 & F1@0.5 & F1@0.7 & R2@0.3 & S5@0.3 & S5@0.5,6,FRS,11655,0.12484334329509303,0.9986271986271986
F1@0.3 & F1@0.5 & F1@0.7 & R2@0.3 & S5@0.3 & S5@0.5 & S5@0.7,7,FRS,11653,0.12482192015596046,0.9986269630138161
F1@0.3 & F1@0.5 & F1@0.7 & R3@0.3 & R3@0.5 & S5@0.3 & S5@0.5,7,FRS,11509,0.1232794541384149,0.9991311147797376
M2@0.3 & R5@0.3,2,MR,11506,0.12324731942971603,0.995046062923692
F1@0.3 & F1@0.5 & F1@0.7 & R3@0.3 & R3@0.5 & S5@0.3 & S5@0.5 & S5@0.7,8,FRS,11506,0.12324731942971603,0.9991308882322266
F1@0.3 & F1@0.5 & F1@0.7 & M2@0.3 & R5@0.3,5,FMR,11260,0.12061227331640906,0.9973357015985791
R4@0.3 & R5@0.3,2,R,11165,0.11959467420761165,0.9898790864308106
M2@0.3 & R3@0.3,2,MR,11076,0.11864134451621196,0.9932286023835319
M1@0.3 & R4@0.3 & R4@0.5,3,MR,11015,0.11798793877266836,0.9982750794371312
M1@0.3 & M1@0.5 & R5@0.3,3,MR,10993,0.11775228424221001,0.9983625943782407
F1@0.3 & F1@0.5 & F1@0.7 & M1@0.3 & R4@0.3 & R4@0.5,6,FMR,10956,0.11735595616825734,0.9990872581234027
F1@0.3 & F1@0.5 & F1@0.7 & M1@0.3 & M1@0.5 & R5@0.3,6,FMR,10939,0.11717385948563043,0.9990858396562757
M1@0.3 & M1@0.5 & R3@0.3,3,MR,10879,0.11653116531165311,0.9979777553083923
F1@0.3 & F1@0.5 & F1@0.7 & M1@0.3 & M1@0.5 & R3@0.3,6,FMR,10843,0.11614554880726673,0.9986166190168773
F1@0.3 & F1@0.5 & F1@0.7 & M2@0.3 & R3@0.3,5,FMR,10842,0.11613483723770043,0.995941708171924
F1@0.3 & F1@0.5 & F1@0.7 & R4@0.3 & R5@0.3,5,FR,10818,0.11587775956810951,0.9953780735810686
M1@0.3 & R5@0.3 & R5@0.5,3,MR,10751,0.11516008440716818,0.9983257371407311
F1@0.3 & F1@0.5 & F1@0.7 & M1@0.3 & R5@0.3 & R5@0.5,6,FMR,10689,0.11449596709405829,0.9990644587894096
M3@0.3 & M3@0.5 & M3@0.7,3,M,10675,0.11434600512013025,0.9945667447306792
M1@0.3 & M1@0.5 & M1@0.7 & R4@0.3,4,MR,10652,0.11409963902010561,0.9979346601577168
F1@0.3 & F1@0.5 & F1@0.7 & M1@0.3 & M1@0.5 & M1@0.7 & R4@0.3,7,FMR,10623,0.11378900350268324,0.9985879695001412
R1@0.3,1,R,10425,0.11166811272855812,0.9895443645083933
M4@0.3 & M4@0.5,2,M,10420,0.11161455488072668,0.9883877159309021
M3@0.3 & M3@0.5 & S5@0.3,3,MS,10227,0.10954722195443298,0.9967732472865943
M3@0.3 & M3@0.5 & S5@0.3 & S5@0.5,4,MS,10222,0.10949366410660154,0.996771668949325
F1@0.3 & F1@0.5 & F1@0.7 & M3@0.3 & M3@0.5 & M3@0.7,6,FM,10216,0.1094293946892038,0.9974549725920125
F1@0.3 & F1@0.5 & F1@0.7 & R1@0.3,4,FR,10214,0.10940797155007123,0.9951047581750538
M3@0.3 & M3@0.5 & S5@0.3 & S5@0.5 & S5@0.7,5,MS,10141,0.10862602697173217,0.996745883049009
F1@0.3 & F1@0.5 & F1@0.7 & M3@0.3 & M3@0.5 & S5@0.3 & S5@0.5 & S5@0.7,8,FMS,9745,0.1043842454234819,0.9984607491021037
F1@0.3 & F1@0.5 & F1@0.7 & M4@0.3 & M4@0.5,5,FM,9568,0.10248829761024883,0.9947742474916388
M2@0.3 & R5@0.3 & R5@0.5,3,MR,9520,0.10197414227106698,0.9968487394957983
M1@0.3 & M1@0.5 & R4@0.3 & R4@0.5,4,MR,9473,0.10147069850145142,0.9989443682043703
F1@0.3 & F1@0.5 & F1@0.7 & M1@0.3 & M1@0.5 & R4@0.3 & R4@0.5,7,FMR,9436,0.10107437042749874,0.9994701144552777
M2@0.3 & M2@0.5 & R4@0.3,3,MR,9334,0.0999817903317373,0.996035997428755
F1@0.3 & F1@0.5 & F1@0.7 & M2@0.3 & R5@0.3 & R5@0.5,6,FMR,9321,0.09984253992737556,0.9983907306083039
M2@0.3 & R4@0.3 & R4@0.5,3,MR,9230,0.0988677870968433,0.9965330444203684
M1@0.3 & M1@0.5 & M1@0.7 & R5@0.3,4,MR,9213,0.09868569041421639,0.9981547812873114
F1@0.3 & F1@0.5 & F1@0.7 & M1@0.3 & M1@0.5 & M1@0.7 & R5@0.3,7,FMR,9180,0.09833220861852887,0.9989106753812637
F1@0.3 & F1@0.5 & F1@0.7 & M2@0.3 & M2@0.5 & R4@0.3,6,FMR,9141,0.09791445740544362,0.9973744666885461
M1@0.3 & M1@0.5 & R5@0.3 & R5@0.5,4,MR,9137,0.09787161112717846,0.9990149939805187
F1@0.3 & F1@0.5 & F1@0.7 & M1@0.3 & M1@0.5 & R5@0.3 & R5@0.5,7,FMR,9093,0.09740030206626177,0.9994501264709117
M3@0.3 & R4@0.3,2,MR,9043,0.09686472358794734,0.990600464447639
F1@0.3 & F1@0.5 & F1@0.7 & M2@0.3 & R4@0.3 & R4@0.5,6,FMR,9035,0.09677903103141704,0.9983397897066962
M1@0.3 & R3@0.3 & R3@0.5,3,MR,8963,0.09600779802264425,0.9968760459667522
S1@0.3,1,S,8937,0.09572929721392076,0.9935101264406401
S1@0.3 & S1@0.5,2,S,8933,0.0956864509356556,0.9937311093697526
M2@0.3 & M2@0.5 & M2@0.7 & S5@0.3 & S5@0.5,5,MS,8928,0.09563289308782416,0.9984318996415771
F1@0.3 & F1@0.5 & F1@0.7 & M1@0.3 & R3@0.3 & R3@0.5,6,FMR,8920,0.09554720053129385,0.9977578475336323
S1@0.3 & S1@0.5 & S1@0.7,3,S,8916,0.0955043542530287,0.993719156572454
M2@0.3 & M2@0.5 & M2@0.7 & S5@0.3 & S5@0.5 & S5@0.7,6,MS,8894,0.09526869972257035,0.9986507758039127
F1@0.3 & F1@0.5 & F1@0.7 & S1@0.3 & S1@0.5,5,FS,8813,0.09440106258770098,0.9969363440372178
F1@0.3 & F1@0.5 & F1@0.7 & S1@0.3 & S1@0.5 & S1@0.7,6,FS,8812,0.09439035101813469,0.9969359963685883
M1@0.3 & R2@0.3,2,MR,8787,0.09412256177897747,0.9951064071924434
M1@0.3 & M1@0.5 & M1@0.7 & R3@0.3,4,MR,8738,0.09359769487022933,0.9975967040512703
F1@0.3 & F1@0.5 & F1@0.7 & M1@0.3 & R2@0.3,5,FMR,8737,0.09358698330066305,0.9965663271145703
F1@0.3 & F1@0.5 & F1@0.7 & M1@0.3 & M1@0.5 & M1@0.7 & R3@0.3,7,FMR,8721,0.09341559818760244,0.99828001375989
F1@0.3 & F1@0.5 & F1@0.7 & M2@0.3 & M2@0.5 & M2@0.7 & S5@0.3 & S5@0.5 & S5@0.7,9,FMS,8721,0.09341559818760244,0.9994266712532967
R2@0.3 & R2@0.5 & S5@0.3,3,RS,8720,0.09340488661803614,0.9970183486238532
R2@0.3 & R2@0.5 & S5@0.3 & S5@0.5,4,RS,8717,0.09337275190933728,0.997017322473328
R2@0.3 & R2@0.5 & S5@0.3 & S5@0.5 & S5@0.7,5,RS,8687,0.09305140482234862,0.997007021986877
F1@0.3 & F1@0.5 & F1@0.7 & M3@0.3 & R4@0.3,5,FMR,8644,0.09259080733099821,0.9947940768162887
M1@0.3 & R4@0.3 & S5@0.3 & S5@0.5,4,MRS,8596,0.09207665199181636,0.9986040018613308
M1@0.3 & R4@0.3 & S5@0.3 & S5@0.5 & S5@0.7,5,MRS,8580,0.09190526687875575,0.9986013986013986
F1@0.3 & F1@0.5 & F1@0.7 & M1@0.3 & R4@0.3 & S5@0.3 & S5@0.5,7,FMRS,8543,0.09150893880480307,0.999297670607515
F1@0.3 & F1@0.5 & F1@0.7 & M1@0.3 & R4@0.3 & S5@0.3 & S5@0.5 & S5@0.7,8,FMRS,8541,0.0914875156656705,0.9992975061468212
F1@0.3 & F1@0.5 & F1@0.7 & R2@0.3 & R2@0.5 & S5@0.3 & S5@0.5 & S5@0.7,8,FRS,8482,0.09085553306125947,0.9987031360528177
M2@0.3 & M2@0.5 & R5@0.3,3,MR,8481,0.09084482149169318,0.9963447706638369
M2@0.3 & M3@0.3,2,M,8313,0.0890452778045567,0.9876097678335137
F1@0.3 & F1@0.5 & F1@0.7 & M2@0.3 & M2@0.5 & R5@0.3,6,FMR,8301,0.08891673896976124,0.9977111191422721
M1@0.3 & R5@0.3 & R5@0.5 & R5@0.7,4,MR,8290,0.08879891170453207,0.9978287092882991
M1@0.3 & R5@0.3 & S5@0.3 & S5@0.5,4,MRS,8285,0.08874535385670063,0.9989136994568497
M1@0.3 & R5@0.3 & S5@0.3 & S5@0.5 & S5@0.7,5,MRS,8271,0.08859539188277259,0.998911860718172
F1@0.3 & F1@0.5 & F1@0.7 & M1@0.3 & R5@0.3 & R5@0.5 & R5@0.7,7,FMR,8244,0.08830617950448279,0.9987869966035905
F1@0.3 & F1@0.5 & F1@0.7 & M1@0.3 & R5@0.3 & S5@0.3 & S5@0.5,7,FMRS,8234,0.08819906380881991,0.9995142093757591
F1@0.3 & F1@0.5 & F1@0.7 & M1@0.3 & R5@0.3 & S5@0.3 & S5@0.5 & S5@0.7,8,FMRS,8233,0.08818835223925361,0.9995141503704603
M1@0.3 & S4@0.3 & S4@0.5,3,MS,8220,0.08804910183489187,0.9953771289537713
R2@0.3 & R2@0.5 & R2@0.7,3,R,8213,0.08797412084792784,0.9931815414586631
M4@0.3 & S5@0.3,2,MS,8195,0.08778131259573466,0.9941427699816962
M4@0.3 & S5@0.3 & S5@0.5,3,MS,8187,0.08769562003920435,0.9941370465371931
M1@0.3 & S4@0.3 & S4@0.5 & S4@0.7,4,MS,8170,0.08751352335657744,0.9975520195838433
F1@0.3 & F1@0.5 & F1@0.7 & M1@0.3 & S4@0.3 & S4@0.5,6,FMS,8139,0.0871814647000225,0.9984027521808576
F1@0.3 & F1@0.5 & F1@0.7 & M1@0.3 & S4@0.3 & S4@0.5 & S4@0.7,7,FMS,8135,0.08713861842175734,0.9987707437000615
M4@0.3 & S5@0.3 & S5@0.5 & S5@0.7,4,MS,8071,0.08645307796951487,0.994176681947714
M3@0.3 & R5@0.3,2,MR,8062,0.08635667384341827,0.9925576779955346
F1@0.3 & F1@0.5 & F1@0.7 & M2@0.3 & M3@0.3,5,FM,8057,0.08630311599558683,0.9937942162095073
M2@0.3 & R3@0.3 & R3@0.5,3,MR,8030,0.08601390361729704,0.9938978829389788
R1@0.3 & R1@0.5,2,R,8020,0.08590678792163416,0.9876558603491272
M1@0.3 & M1@0.5 & M1@0.7 & R4@0.3 & R4@0.5,5,MR,8007,0.08576753751727241,0.9987510927938055
F1@0.3 & F1@0.5 & F1@0.7 & R2@0.3 & R2@0.5 & R2@0.7,6,FR,7989,0.08557472926507921,0.9967455250970084
F1@0.3 & F1@0.5 & F1@0.7 & M1@0.3 & M1@0.5 & M1@0.7 & R4@0.3 & R4@0.5,8,FMR,7984,0.08552117141724777,0.99937374749499
R4@0.3 & R4@0.5 & R4@0.7 & S5@0.3,4,RS,7974,0.08541405572158488,0.9979934788061199
R4@0.3 & R4@0.5 & R4@0.7 & S5@0.3 & S5@0.5,5,RS,7970,0.08537120944331973,0.9979924717691343
S3@0.3,1,S,7962,0.08528551688678943,0.9883195177091183
S3@0.3 & S3@0.5,2,S,7946,0.0851141317737288,0.9891769443745281
R4@0.3 & R4@0.5 & R4@0.7 & S5@0.3 & S5@0.5 & S5@0.7,6,RS,7924,0.08487847724327045,0.9979808177688037
R3@0.3 & R3@0.5 & R3@0.7 & S5@0.3,4,RS,7887,0.08448214916931777,0.99797134525168
R3@0.3 & R3@0.5 & R3@0.7 & S5@0.3 & S5@0.5,5,RS,7886,0.0844714375997515,0.9979710880040579
F1@0.3 & F1@0.5 & F1@0.7 & R1@0.3 & R1@0.5,5,FR,7870,0.08430005248669087,0.9936467598475223
F1@0.3 & F1@0.5 & F1@0.7 & M2@0.3 & R3@0.3 & R3@0.5,6,FMR,7852,0.08410724423449768,0.9961793173713703
R3@0.3 & R3@0.5 & R3@0.7 & S5@0.3 & S5@0.5 & S5@0.7,6,RS,7840,0.08397870539970222,0.9980867346938775
R3@0.3 & R4@0.3,2,R,7829,0.08386087813447304,0.9881210882615915
M2@0.3 & M2@0.5 & R3@0.3,3,MR,7784,0.08337885750399006,0.9948612538540597
M2@0.3 & R2@0.3,2,MR,7749,0.08300395256916997,0.9905794296038198
M1@0.3 & M1@0.5 & R3@0.3 & R3@0.5,4,MR,7741,0.08291826001263965,0.9981914481333161
F1@0.3 & F1@0.5 & F1@0.7 & M3@0.3 & R5@0.3,5,FMR,7715,0.08263975920391615,0.9961114711600778
F1@0.3 & F1@0.5 & F1@0.7 & M1@0.3 & M1@0.5 & R3@0.3 & R3@0.5,7,FMR,7714,0.08262904763434986,0.9987036556909515
S3@0.3 & S3@0.5 & S3@0.7,3,S,7696,0.08243623938215666,0.9922037422037422
F1@0.3 & F1@0.5 & F1@0.7 & R4@0.3 & R4@0.5 & R4@0.7 & S5@0.3 & S5@0.5,8,FRS,7695,0.08242552781259038,0.9993502274204029
F1@0.3 & F1@0.5 & F1@0.7 & R4@0.3 & R4@0.5 & R4@0.7 & S5@0.3 & S5@0.5 & S5@0.7,9,FRS,7694,0.08241481624302409,0.999350142968547
M1@0.3 & M1@0.5 & M1@0.7 & R5@0.3 & R5@0.5,5,MR,7671,0.08216845014299945,0.9988267500977708
F1@0.3 & F1@0.5 & F1@0.7 & M1@0.3 & M1@0.5 & M1@0.7 & R5@0.3 & R5@0.5,8,FMR,7643,0.08186852619514337,0.999345806620437
F1@0.3 & F1@0.5 & F1@0.7 & R3@0.3 & R3@0.5 & R3@0.7 & S5@0.3 & S5@0.5,8,FRS,7639,0.08182567991687822,0.9993454640659772
F1@0.3 & F1@0.5 & F1@0.7 & R3@0.3 & R3@0.5 & R3@0.7 & S5@0.3 & S5@0.5 & S5@0.7,9,FRS,7638,0.08181496834731193,0.9993453783713014
F1@0.3 & F1@0.5 & F1@0.7 & M2@0.3 & M2@0.5 & R3@0.3,6,FMR,7609,0.08150433282988956,0.9969772637665922
F1@0.3 & F1@0.5 & F1@0.7 & R3@0.3 & R4@0.3,5,FR,7605,0.08146148655162441,0.9934253780407627
F1@0.3 & F1@0.5 & F1@0.7 & M2@0.3 & R2@0.3,5,FMR,7604,0.08145077498205812,0.9940820620725934
M1@0.3 & M1@0.5 & R2@0.3,3,MR,7592,0.08132223614726265,0.9968387776606955
F1@0.3 & F1@0.5 & F1@0.7 & M1@0.3 & M1@0.5 & R2@0.3,6,FMR,7559,0.08096875435157513,0.9980156105304935
M1@0.3 & R3@0.3 & S5@0.3 & S5@0.5,4,MRS,7546,0.08082950394721339,0.9984097535117943
M1@0.3 & R3@0.3 & S5@0.3 & S5@0.5 & S5@0.7,5,MRS,7534,0.08070096511241792,0.9984072205999469
F1@0.3 & F1@0.5 & F1@0.7 & M4@0.3 & S5@0.3 & S5@0.5 & S5@0.7,7,FMS,7515,0.08049744529065844,0.998003992015968
F1@0.3 & F1@0.5 & F1@0.7 & M1@0.3 & R3@0.3 & S5@0.3 & S5@0.5,7,FMRS,7506,0.08040104116456184,0.9992006394884093
F1@0.3 & F1@0.5 & F1@0.7 & M1@0.3 & R3@0.3 & S5@0.3 & S5@0.5 & S5@0.7,8,FMRS,7504,0.08037961802542927,0.9992004264392325
F1@0.3 & F1@0.5 & F1@0.7 & S3@0.3 & S3@0.5,5,FS,7455,0.07985475111668112,0.9959758551307847
F1@0.3 & F1@0.5 & F1@0.7 & S3@0.3 & S3@0.5 & S3@0.7,6,FS,7445,0.07974763542101825,0.9966420416386836
M1@0.3 & M1@0.5 & R4@0.3 & S5@0.3 & S5@0.5,5,MRS,7440,0.0796940775731868,0.9993279569892473
M1@0.3 & M1@0.5 & R4@0.3 & S5@0.3 & S5@0.5 & S5@0.7,6,MRS,7429,0.07957625030795762,0.9993269619060439
F1@0.3 & F1@0.5 & F1@0.7 & M1@0.3 & M1@0.5 & R4@0.3 & S5@0.3 & S5@0.5,8,FMRS,7409,0.07936201891663186,0.9995950870562829
F1@0.3 & F1@0.5 & F1@0.7 & M1@0.3 & M1@0.5 & R4@0.3 & S5@0.3 & S5@0.5 & S5@0.7,9,FMRS,7407,0.07934059577749927,0.9995949777237748
M3@0.3 & R3@0.3,2,MR,7291,0.07809805370780981,0.988067480455356
M2@0.3 & R5@0.3 & S5@0.3 & S5@0.5,4,MRS,7273,0.07790524545561661,0.9979375773408498
M2@0.3 & R5@0.3 & R5@0.5 & R5@0.7,4,MR,7269,0.07786239917735145,0.9958728848534875
M2@0.3 & R5@0.3 & S5@0.3 & S5@0.5 & S5@0.7,5,MRS,7235,0.07749820581209765,0.9980649619903248
M2@0.3 & S4@0.3,2,MS,7193,0.07704831989031352,0.9912414847768664
M2@0.3 & S4@0.3 & S4@0.5,3,MS,7189,0.07700547361204838,0.9916539157045486
M2@0.3 & R4@0.3 & S5@0.3 & S5@0.5,4,MRS,7170,0.0768019537902889,0.997350069735007
M2@0.3 & R4@0.3 & S5@0.3 & S5@0.5 & S5@0.7,5,MRS,7142,0.07650202984243282,0.9974796975637077
M1@0.3 & M1@0.5 & R5@0.3 & S5@0.3 & S5@0.5,5,MRS,7123,0.07629851002067332,0.9994384388600309
M5@0.3,1,M,7121,0.07627708688154075,0.9828675747788232
F1@0.3 & F1@0.5 & F1@0.7 & M2@0.3 & R5@0.3 & R5@0.5 & R5@0.7,7,FMR,7113,0.07619139432501044,0.9978911851539435
F1@0.3 & F1@0.5 & F1@0.7 & M2@0.3 & R5@0.3 & S5@0.3 & S5@0.5 & S5@0.7,8,FMRS,7113,0.07619139432501044,0.9991564740615774
M1@0.3 & M1@0.5 & R5@0.3 & S5@0.3 & S5@0.5 & S5@0.7,6,MRS,7112,0.07618068275544415,0.999437570303712
M1@0.3 & M2@0.3 & S5@0.3 & S5@0.5,4,MS,7109,0.07614854804674528,0.9966239977493319
M1@0.3 & M2@0.3 & S5@0.3 & S5@0.5 & S5@0.7,5,MS,7087,0.07591289351628694,0.9966135177084803
F1@0.3 & F1@0.5 & F1@0.7 & M1@0.3 & M1@0.5 & R5@0.3 & S5@0.3 & S5@0.5,8,FMRS,7087,0.07591289351628694,0.9997177931423734
F1@0.3 & F1@0.5 & F1@0.7 & M1@0.3 & M1@0.5 & R5@0.3 & S5@0.3 & S5@0.5 & S5@0.7,9,FMRS,7086,0.07590218194672066,0.9997177533163986
M2@0.3 & S4@0.3 & S4@0.5 & S4@0.7,4,MS,7069,0.07572008526409375,0.9953317300891216
M1@0.3 & M1@0.5 & R5@0.3 & R5@0.5 & R5@0.7,5,MR,7038,0.07538802660753881,0.9987212276214834
M1@0.3 & M1@0.5 & S4@0.3 & S4@0.5,4,MS,7028,0.07528091091187591,0.996727376209448
F1@0.3 & F1@0.5 & F1@0.7 & M1@0.3 & M2@0.3 & S5@0.3 & S5@0.5,7,FMS,7020,0.07519521835534561,0.9985754985754985
F1@0.3 & F1@0.5 & F1@0.7 & M1@0.3 & M2@0.3 & S5@0.3 & S5@0.5 & S5@0.7,8,FMS,7019,0.07518450678577931,0.9985752956261575
M2@0.3 & M2@0.5 & R5@0.3 & R5@0.5,4,MR,7016,0.07515237207708045,0.9975769669327252
F1@0.3 & F1@0.5 & F1@0.7 & M2@0.3 & R4@0.3 & S5@0.3 & S5@0.5,7,FMRS,7016,0.07515237207708045,0.9987172177879133
F1@0.3 & F1@0.5 & F1@0.7 & M2@0.3 & R4@0.3 & S5@0.3 & S5@0.5 & S5@0.7,8,FMRS,7015,0.07514166050751417,0.9987170349251604
F1@0.3 & F1@0.5 & F1@0.7 & M1@0.3 & M1@0.5 & R5@0.3 & R5@0.5 & R5@0.7,8,FMR,7004,0.075023833242285,0.9992861222158766
F1@0.3 & F1@0.5 & F1@0.7 & M3@0.3 & R3@0.3,5,FMR,6998,0.07495956382488726,0.9937124892826522
M1@0.3 & M1@0.5 & S4@0.3 & S4@0.5 & S4@0.7,5,MS,6988,0.07485244812922437,0.9985689753863767
F1@0.3 & F1@0.5 & F1@0.7 & M1@0.3 & M1@0.5 & S4@0.3 & S4@0.5,7,FMS,6972,0.07468106301616376,0.9988525530694206
F1@0.3 & F1@0.5 & F1@0.7 & M1@0.3 & M1@0.5 & S4@0.3 & S4@0.5 & S4@0.7,8,FMS,6968,0.07463821673789861,0.9992824339839265
F1@0.3 & F1@0.5 & F1@0.7 & M2@0.3 & S4@0.3 & S4@0.5,6,FMS,6967,0.07462750516833232,0.9975599253624229
F1@0.3 & F1@0.5 & F1@0.7 & M2@0.3 & S4@0.3 & S4@0.5 & S4@0.7,7,FMS,6965,0.07460608202919974,0.9978463747307968
M1@0.3 & R5@0.3 & R5@0.5 & S5@0.3 & S5@0.5,5,MRS,6954,0.07448825476397057,0.9992809893586425
M1@0.3 & R5@0.3 & R5@0.5 & S5@0.3 & S5@0.5 & S5@0.7,6,MRS,6943,0.07437042749874138,0.9992798502088435
R2@0.3 & R3@0.3,2,R,6936,0.07429544651177737,0.9851499423298731
F1@0.3 & F1@0.5 & F1@0.7 & M1@0.3 & R5@0.3 & R5@0.5 & S5@0.3 & S5@0.5,8,FMRS,6911,0.07402765727262016,0.9997106062798438
F1@0.3 & F1@0.5 & F1@0.7 & M1@0.3 & R5@0.3 & R5@0.5 & S5@0.3 & S5@0.5 & S5@0.7,9,FMRS,6910,0.07401694570305387,0.9997105643994211
F1@0.3 & F1@0.5 & F1@0.7 & M2@0.3 & M2@0.5 & R5@0.3 & R5@0.5,7,FMR,6870,0.07358848292040232,0.9985443959243085
R4@0.3 & R5@0.3 & S5@0.3,3,RS,6830,0.07316002013775079,0.995900439238653
R4@0.3 & R5@0.3 & S5@0.3 & S5@0.5,4,RS,6828,0.0731385969986182,0.9958992384299942
R4@0.3 & S4@0.3,2,RS,6800,0.07283867305076212,0.9886764705882353
R4@0.3 & S4@0.3 & S4@0.5,3,RS,6793,0.07276369206379811,0.9891064330928897
M2@0.3 & M2@0.5 & R4@0.3 & R4@0.5,4,MR,6789,0.07272084578553295,0.997348652231551
R4@0.3 & R5@0.3 & S5@0.3 & S5@0.5 & S5@0.7,5,RS,6773,0.07254946067247234,0.9958659382843644
F1@0.3 & F1@0.5 & F1@0.7 & R2@0.3 & R3@0.3,5,FR,6718,0.07196032434632647,0.9924084548972909
M3@0.3 & R4@0.3 & R4@0.5,3,MR,6715,0.07192818963762761,0.9946388682055101
M1@0.3 & R4@0.3 & R4@0.5 & R4@0.7,4,MR,6682,0.07157470784194007,0.9973061957497755
M3@0.3 & R5@0.3 & R5@0.5,3,MR,6681,0.0715639962723738,0.9947612632839395
F1@0.3 & F1@0.5 & F1@0.7 & M1@0.3 & R4@0.3 & R4@0.5 & R4@0.7,7,FMR,6646,0.07118909133755369,0.9984953355401746
F1@0.3 & F1@0.5 & F1@0.7 & M2@0.3 & M2@0.5 & R4@0.3 & R4@0.5,7,FMR,6641,0.07113553348972225,0.9984942026803192
M4@0.3 & M4@0.5 & M4@0.7,3,M,6639,0.07111411035058968,0.9899081186925742
M3@0.3 & M3@0.5 & R4@0.3,3,MR,6637,0.07109268721145709,0.9894530661443424
F1@0.3 & F1@0.5 & F1@0.7 & R4@0.3 & R5@0.3 & S5@0.3 & S5@0.5,7,FRS,6608,0.07078205169403473,0.9984866828087167
F1@0.3 & F1@0.5 & F1@0.7 & R4@0.3 & R5@0.3 & S5@0.3 & S5@0.5 & S5@0.7,8,FRS,6607,0.07077134012446844,0.9984864537611624
R4@0.3 & S4@0.3 & S4@0.5 & S4@0.7,4,RS,6602,0.070717782276637,0.994092699182066
M1@0.3 & M1@0.5 & R3@0.3 & S5@0.3 & S5@0.5,5,MRS,6520,0.06983943357220133,0.999079754601227
M1@0.3 & M1@0.5 & R3@0.3 & S5@0.3 & S5@0.5 & S5@0.7,6,MRS,6510,0.06973231787653845,0.9990783410138249
F1@0.3 & F1@0.5 & F1@0.7 & M1@0.3 & M1@0.5 & R3@0.3 & S5@0.3 & S5@0.5,8,FMRS,6494,0.06956093276347783,0.9995380351093317
F1@0.3 & F1@0.5 & F1@0.7 & M1@0.3 & M1@0.5 & R3@0.3 & S5@0.3 & S5@0.5 & S5@0.7,9,FMRS,6492,0.06953950962434526,0.9995378927911276
M2@0.3 & R3@0.3 & S5@0.3,3,MRS,6476,0.06936812451128464,0.9969116738727609
M2@0.3 & R3@0.3 & S5@0.3 & S5@0.5,4,MRS,6475,0.06935741294171835,0.9969111969111969
F1@0.3 & F1@0.5 & F1@0.7 & R4@0.3 & S4@0.3 & S4@0.5,6,FRS,6464,0.06923958567648918,0.9972153465346535
F1@0.3 & F1@0.5 & F1@0.7 & R4@0.3 & S4@0.3 & S4@0.5 & S4@0.7,7,FRS,6461,0.06920745096779031,0.9976783779600681
F1@0.3 & F1@0.5 & F1@0.7 & M5@0.3,4,FM,6451,0.06910033527212743,0.9922492636800496
M2@0.3 & R3@0.3 & S5@0.3 & S5@0.5 & S5@0.7,5,MRS,6447,0.06905748899386227,0.9972080037226617
F1@0.3 & F1@0.5 & F1@0.7 & M3@0.3 & R4@0.3 & R4@0.5,6,FMR,6405,0.06860760307207815,0.9976580796252927
M1@0.3 & R2@0.3 & R2@0.5,3,MR,6391,0.06845764109815011,0.9953058989203567
F1@0.3 & F1@0.5 & F1@0.7 & M3@0.3 & R5@0.3 & R5@0.5,6,FMR,6385,0.06839337168075238,0.9976507439310884
F1@0.3 & F1@0.5 & F1@0.7 & M1@0.3 & R2@0.3 & R2@0.5,6,FMR,6355,0.06807202459376373,0.996852871754524
F1@0.3 & F1@0.5 & F1@0.7 & M3@0.3 & M3@0.5 & R4@0.3,6,FMR,6334,0.06784708163287166,0.9933691190401011
F1@0.3 & F1@0.5 & F1@0.7 & M2@0.3 & R3@0.3 & S5@0.3 & S5@0.5 & S5@0.7,8,FMRS,6327,0.06777210064590765,0.9985775248933144
M1@0.3 & M1@0.5 & M1@0.7 & R4@0.3 & S5@0.3 & S5@0.5,6,MRS,6303,0.06751502297631672,0.999206726955418
M1@0.3 & M1@0.5 & M1@0.7 & R4@0.3 & S5@0.3 & S5@0.5 & S5@0.7,7,MRS,6297,0.06745075355891898,0.999205971097348
M1@0.3 & M1@0.5 & M2@0.3,3,M,6292,0.06739719571108754,0.9931659249841068
M3@0.3 & M3@0.5 & M3@0.7 & S5@0.3,4,MS,6284,0.06731150315455724,0.9976129853596435
F1@0.3 & F1@0.5 & F1@0.7 & M1@0.3 & M1@0.5 & M1@0.7 & R4@0.3 & S5@0.3 & S5@0.5,9,FMRS,6282,0.06729008001542466,0.9995224450811844
F1@0.3 & F1@0.5 & F1@0.7 & M1@0.3 & M1@0.5 & M1@0.7 & R4@0.3 & S5@0.3 & S5@0.5 & S5@0.7,10,FMRS,6281,0.06727936844585837,0.9995223690495144
M3@0.3 & M3@0.5 & M3@0.7 & S5@0.3 & S5@0.5,5,MS,6279,0.0672579453067258,0.9976110845676063
M1@0.3 & R4@0.3 & R4@0.5 & S5@0.3 & S5@0.5,5,MRS,6265,0.06710798333279776,0.9993615323224262
M1@0.3 & R4@0.3 & R4@0.5 & S5@0.3 & S5@0.5 & S5@0.7,6,MRS,6252,0.066968732928436,0.999360204734485
F1@0.3 & F1@0.5 & F1@0.7 & M1@0.3 & M1@0.5 & M2@0.3,6,FM,6227,0.06670094368927879,0.9959852256303195
M3@0.3 & M3@0.5 & M3@0.7 & S5@0.3 & S5@0.5 & S5@0.7,6,MS,6227,0.06670094368927879,0.9977517263529789
F1@0.3 & F1@0.5 & F1@0.7 & M1@0.3 & R4@0.3 & R4@0.5 & S5@0.3 & S5@0.5,8,FMRS,6223,0.06665809741101364,0.9996786116021211
F1@0.3 & F1@0.5 & F1@0.7 & M1@0.3 & R4@0.3 & R4@0.5 & S5@0.3 & S5@0.5 & S5@0.7,9,FMRS,6222,0.06664738584144735,0.9996785599485696
R1@0.3 & S5@0.3,2,RS,6175,0.06614394207183179,0.9949797570850203
R1@0.3 & S5@0.3 & S5@0.5,3,RS,6174,0.0661332305022655,0.9949789439585358
R1@0.3 & S5@0.3 & S5@0.5 & S5@0.7,4,RS,6161,0.06599398009790375,0.9951306606070444
M1@0.3 & M1@0.5 & M1@0.7 & R3@0.3 & R3@0.5,5,MR,6146,0.06583330655440942,0.9980475105759844
F1@0.3 & F1@0.5 & F1@0.7 & M1@0.3 & M1@0.5 & M1@0.7 & R3@0.3 & R3@0.5,8,FMR,6136,0.06572619085874654,0.9983702737940026
M1@0.3 & R3@0.3 & R3@0.5 & R3@0.7,4,MR,6095,0.0652870165065287,0.9972108285479901
F1@0.3 & F1@0.5 & F1@0.7 & M4@0.3 & M4@0.5 & M4@0.7,6,FM,6067,0.06498709255867262,0.9958793472886105
F1@0.3 & F1@0.5 & F1@0.7 & M1@0.3 & R3@0.3 & R3@0.5 & R3@0.7,7,FMR,6063,0.06494424628040747,0.9983506514926604
M2@0.3 & R5@0.3 & R5@0.5 & S5@0.3 & S5@0.5,5,MRS,6055,0.06485855372387717,0.9986787778695293
F1@0.3 & F1@0.5 & F1@0.7 & R1@0.3 & S5@0.3 & S5@0.5 & S5@0.7,7,FRS,6051,0.064815707445612,0.9983473805982482
R5@0.3 & S4@0.3,2,RS,6029,0.06458005291515366,0.9900481008459114
M2@0.3 & R5@0.3 & R5@0.5 & S5@0.3 & S5@0.5 & S5@0.7,6,MRS,6023,0.06451578349775593,0.9988377884775029
R5@0.3 & S4@0.3 & S4@0.5,3,RS,6020,0.06448364878905706,0.9903654485049834
M1@0.3 & M1@0.5 & M1@0.7 & R5@0.3 & S5@0.3 & S5@0.5,6,MRS,5991,0.06417301327163469,0.99933233183108
M1@0.3 & M1@0.5 & M1@0.7 & R5@0.3 & S5@0.3 & S5@0.5 & S5@0.7,7,MRS,5983,0.06408732071510438,0.999331439077386
F1@0.3 & F1@0.5 & F1@0.7 & M3@0.3 & M3@0.5 & M3@0.7 & S5@0.3 & S5@0.5 & S5@0.7,9,FMS,5981,0.06406589757597181,0.9991640193947501
R1@0.3 & R1@0.5 & R1@0.7,3,R,5979,0.06404447443683924,0.9904666332162569
M4@0.3 & M4@0.5 & S5@0.3,3,MS,5974,0.06399091658900778,0.9946434549715434
F1@0.3 & F1@0.5 & F1@0.7 & M1@0.3 & M1@0.5 & M1@0.7 & R5@0.3 & S5@0.3 & S5@0.5,9,FMRS,5967,0.06391593560204377,0.999664823194235
M4@0.3 & M4@0.5 & S5@0.3 & S5@0.5,4,MS,5966,0.06390522403247748,0.9946362722091854
F1@0.3 & F1@0.5 & F1@0.7 & M1@0.3 & M1@0.5 & M1@0.7 & R5@0.3 & S5@0.3 & S5@0.5 & S5@0.7,10,FMRS,5966,0.06390522403247748,0.999664767013074
M1@0.3 & M1@0.5 & R5@0.3 & R5@0.5 & S5@0.3 & S5@0.5,6,MRS,5965,0.0638945124629112,0.9996647108130763
M1@0.3 & M1@0.5 & R5@0.3 & R5@0.5 & S5@0.3 & S5@0.5 & S5@0.7,7,MRS,5955,0.0637873967672483,0.999664147774979
M1@0.3 & M1@0.5 & M1@0.7 & R2@0.3,4,MR,5947,0.063701704210718,0.9964688078022532
R4@0.3 & R5@0.3 & R5@0.5,3,R,5934,0.06356245380635625,0.9907313784967982
F1@0.3 & F1@0.5 & F1@0.7 & M1@0.3 & M1@0.5 & R5@0.3 & R5@0.5 & S5@0.3 & S5@0.5,9,FMRS,5934,0.06356245380635625,0.9998314796090327
F1@0.3 & F1@0.5 & F1@0.7 & M1@0.3 & M1@0.5 & R5@0.3 & R5@0.5 & S5@0.3 & S5@0.5 & S5@0.7,10,FMRS,5933,0.06355174223678996,0.9998314512051238
F1@0.3 & F1@0.5 & F1@0.7 & M1@0.3 & M1@0.5 & M1@0.7 & R2@0.3,7,FMR,5928,0.06349818438895852,0.9974696356275303
F1@0.3 & F1@0.5 & F1@0.7 & M2@0.3 & R5@0.3 & R5@0.5 & S5@0.3 & S5@0.5 & S5@0.7,9,FMRS,5921,0.06342320340199449,0.9994933288295896
M4@0.3 & M4@0.5 & S5@0.3 & S5@0.5 & S5@0.7,5,MS,5880,0.06298402904977667,0.9945578231292517
M1@0.3 & M1@0.5 & M1@0.7 & R5@0.3 & R5@0.5 & R5@0.7,6,MR,5878,0.06296260591064409,0.9984688669615516
R3@0.3 & S4@0.3,2,RS,5875,0.06293047120194523,0.9879148936170212
F1@0.3 & F1@0.5 & F1@0.7 & R1@0.3 & R1@0.5 & R1@0.7,6,FR,5868,0.0628554902149812,0.9957396046353102
R3@0.3 & S4@0.3 & S4@0.5,3,RS,5866,0.06283406707584863,0.988237299693147
F1@0.3 & F1@0.5 & F1@0.7 & M1@0.3 & M1@0.5 & M1@0.7 & R5@0.3 & R5@0.5 & R5@0.7,9,FMR,5856,0.06272695138018573,0.999146174863388
M3@0.3 & M3@0.5 & R5@0.3,3,MR,5836,0.06251271998885997,0.9912611377655929
R5@0.3 & S4@0.3 & S4@0.5 & S4@0.7,4,RS,5813,0.06226635388883533,0.994667125408567
M1@0.3 & M1@0.5 & R4@0.3 & R4@0.5 & R4@0.7,5,MR,5767,0.06177362168878606,0.9982659961851916
F1@0.3 & F1@0.5 & F1@0.7 & R4@0.3 & R5@0.3 & R5@0.5,6,FR,5743,0.06151654401919513,0.9956468744558593
F1@0.3 & F1@0.5 & F1@0.7 & M1@0.3 & M1@0.5 & R4@0.3 & R4@0.5 & R4@0.7,8,FMR,5743,0.06151654401919513,0.9991293748911718
M1@0.3 & M1@0.5 & M1@0.7 & S4@0.3 & S4@0.5,5,MS,5725,0.06132373576700194,0.9968558951965065
R3@0.3 & S4@0.3 & S4@0.5 & S4@0.7,4,RS,5717,0.06123804321047163,0.9945775756515655
M1@0.3 & M1@0.5 & M1@0.7 & S4@0.3 & S4@0.5 & S4@0.7,6,MS,5705,0.061109504375676166,0.9982471516213848
F1@0.3 & F1@0.5 & F1@0.7 & M1@0.3 & M1@0.5 & M1@0.7 & S4@0.3 & S4@0.5,8,FMS,5698,0.061034523388712146,0.9987714987714987
F1@0.3 & F1@0.5 & F1@0.7 & M1@0.3 & M1@0.5 & M1@0.7 & S4@0.3 & S4@0.5 & S4@0.7,9,FMS,5695,0.06100238868001328,0.9991220368744512
M1@0.3 & M2@0.3 & M2@0.5,3,M,5688,0.06092740769304926,0.9887482419127989
F1@0.3 & F1@0.5 & F1@0.7 & R5@0.3 & S4@0.3 & S4@0.5,6,FRS,5682,0.060863138275651534,0.9980640619500176
F1@0.3 & F1@0.5 & F1@0.7 & R5@0.3 & S4@0.3 & S4@0.5 & S4@0.7,7,FRS,5681,0.06085242670608524,0.9982397465234993
F1@0.3 & F1@0.5 & F1@0.7 & R3@0.3 & S4@0.3 & S4@0.5,6,FRS,5624,0.060241867240806796,0.9966216216216216
F1@0.3 & F1@0.5 & F1@0.7 & R3@0.3 & S4@0.3 & S4@0.5 & S4@0.7,7,FRS,5619,0.060188309392975356,0.997330485851575
F1@0.3 & F1@0.5 & F1@0.7 & M1@0.3 & M2@0.3 & M2@0.5,6,FM,5613,0.06012403997557762,0.9921610546944593
M2@0.3 & R2@0.3 & R2@0.5,3,MR,5596,0.05994194329295072,0.9912437455325233
M2@0.3 & M2@0.5 & R3@0.3 & R3@0.5,4,MR,5586,0.05983482759728783,0.9953455066237021
F1@0.3 & F1@0.5 & F1@0.7 & M3@0.3 & M3@0.5 & R5@0.3,6,FMR,5582,0.05979198131902268,0.9949838767466858
M2@0.3 & M2@0.5 & M2@0.7 & R4@0.3,4,MR,5564,0.059599173066829485,0.9951473759884975
M1@0.3 & M1@0.5 & R2@0.3 & R2@0.5,4,MR,5520,0.059127864005912786,0.9969202898550724
F1@0.3 & F1@0.5 & F1@0.7 & M2@0.3 & R2@0.3 & R2@0.5,6,FMR,5497,0.05888149790588815,0.9947243951246134
F1@0.3 & F1@0.5 & F1@0.7 & M1@0.3 & M1@0.5 & R2@0.3 & R2@0.5,7,FMR,5497,0.05888149790588815,0.9981808259050391
M2@0.3 & R4@0.3 & R4@0.5 & R4@0.7,4,MR,5465,0.058538727679766915,0.9941445562671546
F1@0.3 & F1@0.5 & F1@0.7 & M4@0.3 & M4@0.5 & S5@0.3 & S5@0.5 & S5@0.7,8,FMS,5457,0.05845303512323661,0.9981674912955837
F1@0.3 & F1@0.5 & F1@0.7 & M2@0.3 & M2@0.5 & R3@0.3 & R3@0.5,7,FMR,5455,0.05843161198410403,0.9970669110907424
F1@0.3 & F1@0.5 & F1@0.7 & M2@0.3 & M2@0.5 & M2@0.7 & R4@0.3,7,FMR,5453,0.058410188844971456,0.9972492206125069
M1@0.3 & M1@0.5 & R4@0.3 & R4@0.5 & S5@0.3 & S5@0.5,6,MRS,5417,0.058024572340585064,0.9996307919512646
M1@0.3 & M1@0.5 & R4@0.3 & R4@0.5 & S5@0.3 & S5@0.5 & S5@0.7,7,MRS,5408,0.05792816821448847,0.9996301775147929
M1@0.3 & R5@0.3 & R5@0.5 & R5@0.7 & S5@0.3 & S5@0.5,6,MRS,5406,0.05790674507535589,0.9990751017388088
M1@0.3 & R2@0.3 & S5@0.3 & S5@0.5,4,MRS,5405,0.057896033505789604,0.9979648473635523
M5@0.3 & M5@0.5,2,M,5403,0.057874610366657024,0.9842679992596706
M1@0.3 & R5@0.3 & R5@0.5 & R5@0.7 & S5@0.3 & S5@0.5 & S5@0.7,7,MRS,5398,0.057821052518825584,0.9990737310114858
M1@0.3 & R2@0.3 & S5@0.3 & S5@0.5 & S5@0.7,5,MRS,5397,0.0578103409492593,0.9979618306466556
M2@0.3 & R3@0.3 & R3@0.5 & R3@0.7,4,MR,5393,0.05776749467099414,0.9946226590024105
F1@0.3 & F1@0.5 & F1@0.7 & M1@0.3 & M1@0.5 & R4@0.3 & R4@0.5 & S5@0.3 & S5@0.5,9,FMRS,5392,0.05775678310142785,0.9998145400593472
F1@0.3 & F1@0.5 & F1@0.7 & M1@0.3 & M1@0.5 & R4@0.3 & R4@0.5 & S5@0.3 & S5@0.5 & S5@0.7,10,FMRS,5391,0.057746071531861565,0.9998145056575775
F1@0.3 & F1@0.5 & F1@0.7 & M1@0.3 & R2@0.3 & S5@0.3 & S5@0.5,7,FMRS,5376,0.05758539798836724,0.9988839285714286
F1@0.3 & F1@0.5 & F1@0.7 & M1@0.3 & R2@0.3 & S5@0.3 & S5@0.5 & S5@0.7,8,FMRS,5375,0.057574686418800945,0.9988837209302326
F1@0.3 & F1@0.5 & F1@0.7 & M1@0.3 & R5@0.3 & R5@0.5 & R5@0.7 & S5@0.3 & S5@0.5 & S5@0.7,10,FMRS,5372,0.05754255171010208,0.9996276991809382
M2@0.3 & M2@0.5 & R5@0.3 & S5@0.3 & S5@0.5,5,MRS,5362,0.05743543601443919,0.9986945169712794
F1@0.3 & F1@0.5 & F1@0.7 & M2@0.3 & R4@0.3 & R4@0.5 & R4@0.7,7,FMR,5353,0.0573390318883426,0.9971978329908463
M2@0.3 & M2@0.5 & R5@0.3 & S5@0.3 & S5@0.5 & S5@0.7,6,MRS,5332,0.05711408892745054,0.9986871717929482
M3@0.3 & M3@0.5 & R3@0.3,3,MR,5318,0.0569641269535225,0.9877773599097405
M2@0.3 & M2@0.5 & R5@0.3 & R5@0.5 & R5@0.7,5,MR,5318,0.0569641269535225,0.9968033095148552
M1@0.3 & M1@0.5 & R3@0.3 & R3@0.5 & R3@0.7,5,MR,5291,0.05667491457523271,0.9982989982989983
M1@0.3 & R3@0.3 & R3@0.5 & S5@0.3 & S5@0.5,5,MRS,5282,0.05657851044913611,0.9986747444149944
M2@0.3 & M2@0.5 & R2@0.3,3,MR,5281,0.05656779887956982,0.99318310925961
M1@0.3 & R3@0.3 & R3@0.5 & S5@0.3 & S5@0.5 & S5@0.7,6,MRS,5274,0.0564928178926058,0.9986727341676147
F1@0.3 & F1@0.5 & F1@0.7 & M1@0.3 & M1@0.5 & R3@0.3 & R3@0.5 & R3@0.7,8,FMR,5270,0.05644997161434065,0.9990512333965844
F1@0.3 & F1@0.5 & F1@0.7 & M2@0.3 & R3@0.3 & R3@0.5 & R3@0.7,7,FMR,5267,0.05641783690564178,0.9971520789823429
M2@0.3 & M2@0.5 & R4@0.3 & S5@0.3 & S5@0.5,5,MRS,5266,0.056407125336075496,0.9982909229016331
F1@0.3 & F1@0.5 & F1@0.7 & M1@0.3 & R3@0.3 & R3@0.5 & S5@0.3 & S5@0.5,8,FMRS,5253,0.05626787493171374,0.9992385303636018
F1@0.3 & F1@0.5 & F1@0.7 & M1@0.3 & R3@0.3 & R3@0.5 & S5@0.3 & S5@0.5 & S5@0.7,9,FMRS,5251,0.05624645179258117,0.9992382403351743
M1@0.3 & M1@0.5 & M1@0.7 & R3@0.3 & S5@0.3 & S5@0.5,6,MRS,5247,0.05620360551431601,0.9988564894225271
F1@0.3 & F1@0.5 & F1@0.7 & M2@0.3 & M2@0.5 & R5@0.3 & S5@0.3 & S5@0.5 & S5@0.7,9,FMRS,5247,0.05620360551431601,0.9992376596150181
M2@0.3 & M2@0.5 & R4@0.3 & S5@0.3 & S5@0.5 & S5@0.7,6,MRS,5246,0.056192893944749724,0.9982844071673657
M1@0.3 & M1@0.5 & M1@0.7 & R3@0.3 & S5@0.3 & S5@0.5 & S5@0.7,7,MRS,5243,0.05616075923605086,0.9988556170131604
M3@0.3 & R3@0.3 & R3@0.5,3,MR,5239,0.056117912957785704,0.9902653178087422
F1@0.3 & F1@0.5 & F1@0.7 & M1@0.3 & M1@0.5 & M1@0.7 & R3@0.3 & S5@0.3 & S5@0.5,9,FMRS,5234,0.056064355109954264,0.9994268246083301
F1@0.3 & F1@0.5 & F1@0.7 & M1@0.3 & M1@0.5 & M1@0.7 & R3@0.3 & S5@0.3 & S5@0.5 & S5@0.7,10,FMRS,5232,0.056042931970821684,0.9994266055045872
R4@0.3 & R4@0.5 & R5@0.3,3,R,5231,0.0560322204012554,0.9889122538711528
F1@0.3 & F1@0.5 & F1@0.7 & M2@0.3 & M2@0.5 & R5@0.3 & R5@0.5 & R5@0.7,8,FMR,5204,0.055743008022965605,0.9980784012298232
F1@0.3 & F1@0.5 & F1@0.7 & M2@0.3 & M2@0.5 & R2@0.3,6,FMR,5178,0.0554645072142421,0.9959443800695249
M2@0.3 & M2@0.5 & S4@0.3,3,MS,5162,0.05529312210118149,0.9936071290197598
M2@0.3 & M2@0.5 & S4@0.3 & S4@0.5,4,MS,5159,0.05526098739248262,0.9939910835433223
M4@0.3 & R4@0.3,2,MR,5151,0.055175294835952314,0.9815569792273345
F1@0.3 & F1@0.5 & F1@0.7 & M2@0.3 & M2@0.5 & R4@0.3 & S5@0.3 & S5@0.5 & S5@0.7,9,FMRS,5149,0.055153871696819734,0.9990289376577977
M3@0.3 & R5@0.3 & R5@0.5 & R5@0.7,4,MR,5139,0.05504675600115685,0.9933839268340144
M2@0.3 & R4@0.3 & R4@0.5 & S5@0.3 & S5@0.5,5,MRS,5103,0.05466113949677046,0.9984322947285911
F1@0.3 & F1@0.5 & F1@0.7 & M3@0.3 & M3@0.5 & R3@0.3,6,FMR,5093,0.054554023801107576,0.9923424307873552
M2@0.3 & R4@0.3 & R4@0.5 & S5@0.3 & S5@0.5 & S5@0.7,6,MRS,5085,0.05446833124457727,0.9984267453294002
M2@0.3 & M2@0.5 & S4@0.3 & S4@0.5 & S4@0.7,5,MS,5078,0.05439335025761325,0.9962583694367861
F1@0.3 & F1@0.5 & F1@0.7 & R4@0.3 & R4@0.5 & R5@0.3,6,FR,5075,0.054361215548914384,0.9950738916256158
M3@0.3 & R5@0.3 & S5@0.3,3,MRS,5069,0.05429694613151665,0.9968435588873545
M3@0.3 & R5@0.3 & S5@0.3 & S5@0.5,4,MRS,5068,0.054286234561950364,0.9968429360694554
R4@0.3 & R4@0.5 & S4@0.3,3,RS,5066,0.054264811422817784,0.99249901302803
R4@0.3 & R4@0.5 & S4@0.3 & S4@0.5,4,RS,5059,0.054189830435853764,0.9930816366870923
R2@0.3 & R2@0.5 & R2@0.7 & S5@0.3,4,RS,5053,0.05412556101845603,0.9972293686918662
R2@0.3 & R2@0.5 & R2@0.7 & S5@0.3 & S5@0.5,5,RS,5051,0.05410413787932346,0.9972282716293803
M3@0.3 & R4@0.3 & S5@0.3,3,MRS,5045,0.054039868461925725,0.9958374628344896
M3@0.3 & R4@0.3 & S5@0.3 & S5@0.5,4,MRS,5043,0.05401844532279315,0.9958358120166567
F1@0.3 & F1@0.5 & F1@0.7 & M3@0.3 & R3@0.3 & R3@0.5,6,FMR,5038,0.053964887474961705,0.9940452560539896
R2@0.3 & R2@0.5 & R2@0.7 & S5@0.3 & S5@0.5 & S5@0.7,6,RS,5034,0.05392204119669655,0.9972189114024632
M1@0.3 & M1@0.5 & M1@0.7 & R5@0.3 & R5@0.5 & S5@0.3 & S5@0.5,7,MRS,5032,0.05390061805756397,0.9996025437201908
M2@0.3 & M2@0.5 & M2@0.7 & R5@0.3,4,MR,5025,0.05382563707059995,0.9958208955223881
M1@0.3 & M1@0.5 & M1@0.7 & R5@0.3 & R5@0.5 & S5@0.3 & S5@0.5 & S5@0.7,8,MRS,5025,0.05382563707059995,0.9996019900497513
M3@0.3 & R5@0.3 & S5@0.3 & S5@0.5 & S5@0.7,5,MRS,5017,0.053739944514069646,0.9968108431333467
F1@0.3 & F1@0.5 & F1@0.7 & M1@0.3 & M1@0.5 & M1@0.7 & R5@0.3 & R5@0.5 & S5@0.3 & S5@0.5,10,FMRS,5011,0.05367567509667191,0.999800439034125
F1@0.3 & F1@0.5 & F1@0.7 & M1@0.3 & M1@0.5 & M1@0.7 & R5@0.3 & R5@0.5 & S5@0.3 & S5@0.5 & S5@0.7,11,FMRS,5010,0.053664963527105626,0.9998003992015968
F1@0.3 & F1@0.5 & F1@0.7 & M2@0.3 & M2@0.5 & S4@0.3 & S4@0.5,7,FMS,5001,0.05356855940100903,0.998000399920016
M3@0.3 & R4@0.3 & S5@0.3 & S5@0.5 & S5@0.7,5,MRS,5000,0.05355784783144274,0.9958
F1@0.3 & F1@0.5 & F1@0.7 & M2@0.3 & M2@0.5 & S4@0.3 & S4@0.5 & S4@0.7,8,FMS,5000,0.05355784783144274,0.9982
F1@0.3 & F1@0.5 & F1@0.7 & M2@0.3 & R4@0.3 & R4@0.5 & S5@0.3 & S5@0.5,8,FMRS,4989,0.05344002056621357,0.9993986770895971
F1@0.3 & F1@0.5 & F1@0.7 & M2@0.3 & R4@0.3 & R4@0.5 & S5@0.3 & S5@0.5 & S5@0.7,9,FMRS,4988,0.05342930899664728,0.9993985565356857
R5@0.3 & R5@0.5 & S4@0.3,3,RS,4947,0.05299013464442945,0.9925207196280574
M3@0.3 & M4@0.3,2,M,4946,0.05297942307486316,0.9799838253133846
M3@0.3 & M3@0.5 & R4@0.3 & R4@0.5,4,MR,4944,0.05295799993573058,0.9939320388349514
R5@0.3 & R5@0.5 & S4@0.3 & S4@0.5,4,RS,4939,0.05290444208789914,0.9927110751164203
R4@0.3 & R4@0.5 & S4@0.3 & S4@0.5 & S4@0.7,5,RS,4923,0.05273305697483852,0.9965468210440788
R3@0.3 & R4@0.3 & R4@0.5,3,R,4922,0.052722345405272236,0.9894351889475823
F1@0.3 & F1@0.5 & F1@0.7 & R2@0.3 & R2@0.5 & R2@0.7 & S5@0.3 & S5@0.5 & S5@0.7,9,FRS,4921,0.05271163383570594,0.9989839463523674
F1@0.3 & F1@0.5 & F1@0.7 & M2@0.3 & M2@0.5 & M2@0.7 & R5@0.3,7,FMR,4918,0.05267949912700708,0.9979666531110207
F1@0.3 & F1@0.5 & F1@0.7 & M3@0.3 & R5@0.3 & R5@0.5 & R5@0.7,7,FMR,4906,0.05255096029221162,0.996942519364044
M2@0.3 & M3@0.3 & S5@0.3,3,MS,4900,0.052486690874813884,0.9944897959183674
M2@0.3 & M3@0.3 & S5@0.3 & S5@0.5,4,MS,4899,0.0524759793052476,0.9946927944478465
F1@0.3 & F1@0.5 & F1@0.7 & M5@0.3 & M5@0.5,5,FM,4889,0.05236886360958471,0.994477398240949
M1@0.3 & M1@0.5 & M1@0.7 & R4@0.3 & R4@0.5 & R4@0.7,6,MR,4873,0.0521974784965241,0.9981530884465422
M2@0.3 & M3@0.3 & S5@0.3 & S5@0.5 & S5@0.7,5,MS,4872,0.052186766926957805,0.9948686371100164
F1@0.3 & F1@0.5 & F1@0.7 & M1@0.3 & M1@0.5 & M1@0.7 & R4@0.3 & R4@0.5 & R4@0.7,9,FMR,4857,0.05202609338346348,0.9989705579575869
M3@0.3 & M3@0.5 & R5@0.3 & R5@0.5,4,MR,4833,0.05176901571387255,0.9939995861783572
F1@0.3 & F1@0.5 & F1@0.7 & M3@0.3 & R5@0.3 & S5@0.3 & S5@0.5 & S5@0.7,8,FMRS,4827,0.05170474629647482,0.9987569919204475
M3@0.3 & R2@0.3,2,MR,4821,0.051640476879077093,0.9836133582244347
F1@0.3 & F1@0.5 & F1@0.7 & R4@0.3 & R4@0.5 & S4@0.3 & S4@0.5,7,FRS,4815,0.05157620746167936,0.998546209761163
F1@0.3 & F1@0.5 & F1@0.7 & R4@0.3 & R4@0.5 & S4@0.3 & S4@0.5 & S4@0.7,8,FRS,4813,0.05155478432254678,0.9989611468938292
F1@0.3 & F1@0.5 & F1@0.7 & M3@0.3 & R4@0.3 & S5@0.3 & S5@0.5 & S5@0.7,8,FMRS,4798,0.051394110779052454,0.9981242184243435
F1@0.3 & F1@0.5 & F1@0.7 & R3@0.3 & R4@0.3 & R4@0.5,6,FR,4773,0.05112632153989524,0.9947622040645296
R5@0.3 & R5@0.5 & S4@0.3 & S4@0.5 & S4@0.7,5,RS,4766,0.05105134055293122,0.9960134284515317
M3@0.3 & S4@0.3,2,MS,4751,0.050890667009436896,0.9852662597347926
F1@0.3 & F1@0.5 & F1@0.7 & M2@0.3 & M3@0.3 & S5@0.3 & S5@0.5 & S5@0.7,8,FMS,4747,0.050847820731171736,0.9978934063619128
M3@0.3 & S4@0.3 & S4@0.5,3,MS,4742,0.050794262883340296,0.9856600590468156
M2@0.3 & R2@0.3 & S5@0.3,3,MRS,4741,0.05078355131377401,0.9957814807002742
M2@0.3 & R2@0.3 & S5@0.3 & S5@0.5,4,MRS,4740,0.050772839744207716,0.9957805907172996
M2@0.3 & R2@0.3 & S5@0.3 & S5@0.5 & S5@0.7,5,MRS,4725,0.05061216620071339,0.995978835978836
R1@0.3 & R1@0.5 & S5@0.3,3,RS,4723,0.05059074306158081,0.9934363751852636
R1@0.3 & R1@0.5 & S5@0.3 & S5@0.5,4,RS,4722,0.050580031492014524,0.993434985175773
R1@0.3 & R1@0.5 & S5@0.3 & S5@0.5 & S5@0.7,5,RS,4713,0.05048362736591793,0.9938468067048589
F1@0.3 & F1@0.5 & F1@0.7 & M3@0.3 & M3@0.5 & R4@0.3 & R4@0.5,7,FMR,4708,0.050430069518086484,0.9968139337298216
F1@0.3 & F1@0.5 & F1@0.7 & M4@0.3 & R4@0.3,5,FMR,4705,0.05039793480938762,0.9904357066950054
M4@0.3 & R5@0.3,2,MR,4700,0.05034437696155618,0.9857446808510638
M1@0.3 & R1@0.3,2,MR,4697,0.05031224225285731,0.9923355333191399
M1@0.3 & M1@0.5 & R2@0.3 & S5@0.3 & S5@0.5,5,MRS,4691,0.05024797283545958,0.9987209550202516
M2@0.3 & R5@0.3 & R5@0.5 & R5@0.7 & S5@0.3 & S5@0.5,6,MRS,4690,0.05023726126589329,0.9982942430703625
M1@0.3 & M1@0.5 & R2@0.3 & S5@0.3 & S5@0.5 & S5@0.7,6,MRS,4686,0.05019441498762814,0.998719590268886
F1@0.3 & F1@0.5 & F1@0.7 & M1@0.3 & M1@0.5 & R2@0.3 & S5@0.3 & S5@0.5,8,FMRS,4673,0.050055164583266386,0.9993580141236893
F1@0.3 & F1@0.5 & F1@0.7 & M1@0.3 & M1@0.5 & R2@0.3 & S5@0.3 & S5@0.5 & S5@0.7,9,FMRS,4672,0.0500444530137001,0.9993578767123288
M2@0.3 & R5@0.3 & R5@0.5 & R5@0.7 & S5@0.3 & S5@0.5 & S5@0.7,7,MRS,4666,0.049980183596302366,0.9984997856836691
F1@0.3 & F1@0.5 & F1@0.7 & M1@0.3 & R1@0.3,5,FMR,4663,0.0499480488876035,0.9957109157194939
M2@0.3 & R3@0.3 & R3@0.5 & S5@0.3,4,MRS,4659,0.049905202609338346,0.9974243399871217
M2@0.3 & R3@0.3 & R3@0.5 & S5@0.3 & S5@0.5,5,MRS,4658,0.04989449103977206,0.9974237870330614
F1@0.3 & F1@0.5 & F1@0.7 & R5@0.3 & R5@0.5 & S4@0.3 & S4@0.5,7,FRS,4655,0.04986235633107319,0.9987110633727175
F1@0.3 & F1@0.5 & F1@0.7 & M3@0.3 & M4@0.3,5,FM,4654,0.04985164476150691,0.9892565535023635
F1@0.3 & F1@0.5 & F1@0.7 & R5@0.3 & R5@0.5 & S4@0.3 & S4@0.5 & S4@0.7,8,FRS,4654,0.04985164476150691,0.9989256553502364
M2@0.3 & M2@0.5 & M2@0.7 & R3@0.3,4,MR,4648,0.049787375344109173,0.9939759036144579
F1@0.3 & F1@0.5 & F1@0.7 & M2@0.3 & R2@0.3 & S5@0.3 & S5@0.5 & S5@0.7,8,FMRS,4647,0.04977666377454289,0.9980632666236281
M2@0.3 & R3@0.3 & R3@0.5 & S5@0.3 & S5@0.5 & S5@0.7,6,MRS,4637,0.04966954807888,0.9976277765796852
F1@0.3 & F1@0.5 & F1@0.7 & R1@0.3 & R1@0.5 & S5@0.3 & S5@0.5 & S5@0.7,8,FRS,4636,0.04965883650931371,0.9978429680759275
R3@0.3 & R4@0.3 & S5@0.3,3,RS,4629,0.04958385552234969,0.9941672067401166
R3@0.3 & R4@0.3 & S5@0.3 & S5@0.5,4,RS,4628,0.0495731439527834,0.9941659464131374
F1@0.3 & F1@0.5 & F1@0.7 & M3@0.3 & M3@0.5 & R5@0.3 & R5@0.5,7,FMR,4622,0.04950887453538567,0.9967546516659455
F1@0.3 & F1@0.5 & F1@0.7 & M3@0.3 & R2@0.3,5,FMR,4620,0.049487451396253095,0.9900432900432901
M1@0.3 & M1@0.5 & R5@0.3 & R5@0.5 & R5@0.7 & S5@0.3 & S5@0.5,7,MRS,4618,0.049466028257120515,0.9995669120831528
M1@0.3 & R4@0.3 & R5@0.3,3,MR,4615,0.04943389354842165,0.9930660888407368
M1@0.3 & M1@0.5 & R5@0.3 & R5@0.5 & R5@0.7 & S5@0.3 & S5@0.5 & S5@0.7,8,MRS,4610,0.04938033570059021,0.9995661605206074
R3@0.3 & R4@0.3 & S5@0.3 & S5@0.5 & S5@0.7,5,RS,4606,0.049337489422325055,0.9941380807642206
M1@0.3 & M1@0.5 & M1@0.7 & R4@0.3 & R4@0.5 & S5@0.3 & S5@0.5,7,MRS,4598,0.04925179686579474,0.9995650282731623
M1@0.3 & M1@0.5 & M1@0.7 & R4@0.3 & R4@0.5 & S5@0.3 & S5@0.5 & S5@0.7,8,MRS,4593,0.0491982390179633,0.9995645547572393
F1@0.3 & F1@0.5 & F1@0.7 & M1@0.3 & M1@0.5 & R5@0.3 & R5@0.5 & R5@0.7 & S5@0.3 & S5@0.5 & S5@0.7,11,FMRS,4593,0.0491982390179633,0.9997822773786197
F1@0.3 & F1@0.5 & F1@0.7 & M1@0.3 & R4@0.3 & R5@0.3,6,FMR,4584,0.0491018348918667,0.9956369982547993
F1@0.3 & F1@0.5 & F1@0.7 & M2@0.3 & R5@0.3 & R5@0.5 & R5@0.7 & S5@0.3 & S5@0.5 & S5@0.7,10,FMRS,4583,0.049091123322300416,0.9993454069386865
F1@0.3 & F1@0.5 & F1@0.7 & M1@0.3 & M1@0.5 & M1@0.7 & R4@0.3 & R4@0.5 & S5@0.3 & S5@0.5 & S5@0.7,11,FMRS,4582,0.04908041175273413,0.9997817546922741
M3@0.3 & S4@0.3 & S4@0.5 & S4@0.7,4,MS,4580,0.04905898861360155,0.9921397379912664
M1@0.3 & M1@0.5 & R3@0.3 & R3@0.5 & S5@0.3 & S5@0.5,6,MRS,4553,0.04876977623531176,0.999341093784318
M1@0.3 & M1@0.5 & R3@0.3 & R3@0.5 & S5@0.3 & S5@0.5 & S5@0.7,7,MRS,4546,0.04869479524834774,0.9993400791904972
F1@0.3 & F1@0.5 & F1@0.7 & M2@0.3 & R3@0.3 & R3@0.5 & S5@0.3 & S5@0.5 & S5@0.7,9,FMRS,4544,0.048673372109215164,0.9986795774647887
F1@0.3 & F1@0.5 & F1@0.7 & M1@0.3 & M1@0.5 & R3@0.3 & R3@0.5 & S5@0.3 & S5@0.5,9,FMRS,4534,0.04856625641355228,0.9995588883987648
F1@0.3 & F1@0.5 & F1@0.7 & M1@0.3 & M1@0.5 & R3@0.3 & R3@0.5 & S5@0.3 & S5@0.5 & S5@0.7,10,FMRS,4532,0.0485448332744197,0.999558693733451
F1@0.3 & F1@0.5 & F1@0.7 & M2@0.3 & M2@0.5 & M2@0.7 & R3@0.3,7,FMR,4529,0.04851269856572084,0.9966880105983661
M2@0.3 & M2@0.5 & M3@0.3,3,M,4528,0.048501986996154545,0.9882950530035336
M2@0.3 & M2@0.5 & R3@0.3 & S5@0.3,4,MRS,4519,0.04840558287005795,0.9973445452533747
M2@0.3 & M2@0.5 & R3@0.3 & S5@0.3 & S5@0.5,5,MRS,4518,0.04839487130049166,0.99734395750332
M2@0.3 & M2@0.5 & R3@0.3 & S5@0.3 & S5@0.5 & S5@0.7,6,MRS,4502,0.048223486187431046,0.9975566414926699
F1@0.3 & F1@0.5 & F1@0.7 & R3@0.3 & R4@0.3 & S5@0.3 & S5@0.5 & S5@0.7,8,FRS,4492,0.04811637049176816,0.9977738201246661
M2@0.3 & M2@0.5 & R5@0.3 & R5@0.5 & S5@0.3 & S5@0.5,6,MRS,4476,0.04794498537870754,0.9991063449508489
M2@0.3 & M2@0.5 & R5@0.3 & R5@0.5 & S5@0.3 & S5@0.5 & S5@0.7,7,MRS,4451,0.04767719613955033,0.9991013255448213
R1@0.3 & R2@0.3,2,R,4446,0.04762363829171889,0.9811066126855601
F1@0.3 & F1@0.5 & F1@0.7 & M3@0.3 & S4@0.3 & S4@0.5 & S4@0.7,7,FMS,4438,0.047537945735188575,0.9966200991437585
M5@0.3 & M5@0.5 & M5@0.7,3,M,4419,0.047334425913429096,0.9812174700158407
F1@0.3 & F1@0.5 & F1@0.7 & M2@0.3 & M2@0.5 & R3@0.3 & S5@0.3 & S5@0.5 & S5@0.7,9,FMRS,4404,0.04717375236993477,0.9986376021798365
F1@0.3 & F1@0.5 & F1@0.7 & M2@0.3 & M2@0.5 & M3@0.3,6,FM,4398,0.047109482952537036,0.9943155979990905
F1@0.3 & F1@0.5 & F1@0.7 & M2@0.3 & M2@0.5 & R5@0.3 & R5@0.5 & S5@0.3 & S5@0.5 & S5@0.7,10,FMRS,4380,0.046916674700343844,0.9995433789954338
M4@0.3 & R3@0.3,2,MR,4369,0.046798847435114664,0.9794003204394598
F1@0.3 & F1@0.5 & F1@0.7 & R1@0.3 & R2@0.3,5,FR,4346,0.04655248133509003,0.9884951679705476
M1@0.3 & M1@0.5 & M1@0.7 & R2@0.3 & R2@0.5,5,MR,4331,0.046391807791595706,0.9963057030708843
R2@0.3 & R3@0.3 & S5@0.3,3,RS,4315,0.046220422678535086,0.9935110081112398
F1@0.3 & F1@0.5 & F1@0.7 & M1@0.3 & M1@0.5 & M1@0.7 & R2@0.3 & R2@0.5,8,FMR,4314,0.0462097111089688,0.9976819656930923
R2@0.3 & R3@0.3 & S5@0.3 & S5@0.5,4,RS,4312,0.04618828796983622,0.9937384044526901
F1@0.3 & F1@0.5 & F1@0.7 & M4@0.3 & R5@0.3,5,FMR,4294,0.04599547971764303,0.9930135072193759
R2@0.3 & R3@0.3 & S5@0.3 & S5@0.5 & S5@0.7,5,RS,4285,0.04589907559154643,0.9939323220536757
M2@0.3 & R4@0.3 & R5@0.3,3,MR,4237,0.045384920252364576,0.9879631814963418
R3@0.3 & R3@0.5 & S4@0.3,3,RS,4235,0.045363497113232,0.9907910271546635
M1@0.3 & M1@0.5 & M1@0.7 & R3@0.3 & R3@0.5 & R3@0.7,6,MR,4233,0.04534207397409942,0.9983463264824002
R3@0.3 & R3@0.5 & S4@0.3 & S4@0.5,4,RS,4229,0.04529922769583427,0.9907779616930716
M3@0.3 & M3@0.5 & M3@0.7 & R4@0.3,4,MR,4227,0.045277804556701697,0.9924296191152118
F1@0.3 & F1@0.5 & F1@0.7 & M1@0.3 & M1@0.5 & M1@0.7 & R3@0.3 & R3@0.5 & R3@0.7,9,FMR,4225,0.045256381417569116,0.9988165680473373
M3@0.3 & R3@0.3 & S5@0.3,3,MRS,4220,0.04520282356973768,0.9947867298578199
M3@0.3 & R3@0.3 & S5@0.3 & S5@0.5,4,MRS,4218,0.0451814004306051,0.9950213371266002
M3@0.3 & R5@0.3 & R5@0.5 & S5@0.3,4,MRS,4213,0.04512784258277366,0.9978637550439117
M3@0.3 & R5@0.3 & R5@0.5 & S5@0.3 & S5@0.5,5,MRS,4212,0.045117131013207364,0.9978632478632479
M3@0.3 & R3@0.3 & S5@0.3 & S5@0.5 & S5@0.7,5,MRS,4190,0.04488147648274902,0.9949880668257757
M3@0.3 & R5@0.3 & R5@0.5 & S5@0.3 & S5@0.5 & S5@0.7,6,MRS,4171,0.04467795666098953,0.9978422440661712
F1@0.3 & F1@0.5 & F1@0.7 & R2@0.3 & R3@0.3 & S5@0.3 & S5@0.5,7,FRS,4168,0.04464582195229067,0.9973608445297505
F1@0.3 & F1@0.5 & F1@0.7 & R2@0.3 & R3@0.3 & S5@0.3 & S5@0.5 & S5@0.7,8,FRS,4166,0.04462439881315809,0.9973595775324052
F1@0.3 & F1@0.5 & F1@0.7 & M2@0.3 & R4@0.3 & R5@0.3,6,FMR,4147,0.04442087899139861,0.9927658548348204
M2@0.3 & M2@0.5 & M2@0.7 & R5@0.3 & R5@0.5,5,MR,4128,0.04421735916963913,0.997093023255814
R3@0.3 & R3@0.5 & S4@0.3 & S4@0.5 & S4@0.7,5,RS,4121,0.04414237818267511,0.9956321281242417
M1@0.3 & M1@0.5 & R1@0.3,3,MR,4092,0.04383174266525274,0.9951124144672532
M3@0.3 & R4@0.3 & R4@0.5 & R4@0.7,4,MR,4092,0.04383174266525274,0.9914467253176931
M1@0.3 & M2@0.3 & R4@0.3,3,MR,4087,0.043778184817421295,0.9892341570834353
M5@0.3 & S5@0.3,2,MS,4068,0.043574664995661816,0.992133726647001
F1@0.3 & F1@0.5 & F1@0.7 & M1@0.3 & M1@0.5 & R1@0.3,6,FMR,4066,0.043553241856529236,0.9975405804230202
R2@0.3 & S4@0.3,2,RS,4063,0.04352110714783037,0.9849864632045287
M5@0.3 & S5@0.3 & S5@0.5,3,MS,4061,0.043499684008697796,0.9921201674464417
F1@0.3 & F1@0.5 & F1@0.7 & R3@0.3 & R3@0.5 & S4@0.3 & S4@0.5,7,FRS,4059,0.043478260869565216,0.9970436067997044
R2@0.3 & S4@0.3 & S4@0.5,3,RS,4058,0.04346754929999893,0.9852143913257763
F1@0.3 & F1@0.5 & F1@0.7 & R3@0.3 & R3@0.5 & S4@0.3 & S4@0.5 & S4@0.7,8,FRS,4056,0.04344612616086635,0.997534516765286
R4@0.3 & S1@0.3,2,RS,4046,0.04333901046520346,0.9935739001482946
F1@0.3 & F1@0.5 & F1@0.7 & M2@0.3 & M2@0.5 & M2@0.7 & R5@0.3 & R5@0.5,8,FMR,4046,0.04333901046520346,0.9987642115669797
F1@0.3 & F1@0.5 & F1@0.7 & M3@0.3 & R3@0.3 & S5@0.3 & S5@0.5 & S5@0.7,8,FMRS,4045,0.04332829889563718,0.9977750309023485
R4@0.3 & S1@0.3 & S1@0.5,3,RS,4044,0.04331758732607089,0.9938180019782393
F1@0.3 & F1@0.5 & F1@0.7 & M1@0.3 & M2@0.3 & R4@0.3,6,FMR,4039,0.043264029478239444,0.9925724189155731
F1@0.3 & F1@0.5 & F1@0.7 & M3@0.3 & M3@0.5 & M3@0.7 & R4@0.3,7,FMR,4038,0.04325331790867316,0.9962852897473997
R4@0.3 & S1@0.3 & S1@0.5 & S1@0.7,4,RS,4036,0.043231894769540584,0.9940535183349851
F1@0.3 & F1@0.5 & F1@0.7 & M4@0.3 & R3@0.3,5,FMR,4029,0.043156913782576564,0.9890791759741872
F1@0.3 & F1@0.5 & F1@0.7 & M5@0.3 & M5@0.5 & M5@0.7,6,FM,4021,0.04307122122604625,0.99328525242477
F1@0.3 & F1@0.5 & F1@0.7 & M3@0.3 & R5@0.3 & R5@0.5 & S5@0.3 & S5@0.5 & S5@0.7,9,FMRS,4009,0.04294268239125079,0.9992516837116487
M2@0.3 & M2@0.5 & M2@0.7 & R4@0.3 & R4@0.5,5,MR,4008,0.0429319708216845,0.9970059880239521
M2@0.3 & R1@0.3,2,MR,3996,0.04280343198688904,0.9864864864864865
M2@0.3 & M2@0.5 & R4@0.3 & R4@0.5 & R4@0.7,5,MR,3991,0.0427498741390576,0.9954898521673766
F1@0.3 & F1@0.5 & F1@0.7 & R4@0.3 & S1@0.3 & S1@0.5,6,FRS,3990,0.042739162569491305,0.9959899749373433
F1@0.3 & F1@0.5 & F1@0.7 & R4@0.3 & S1@0.3 & S1@0.5 & S1@0.7,7,FRS,3989,0.04272845099992502,0.9959889696665831
M5@0.3 & S5@0.3 & S5@0.5 & S5@0.7,4,MS,3986,0.04269631629122615,0.9924736578023081
M1@0.3 & R2@0.3 & R2@0.5 & S5@0.3 & S5@0.5,5,MRS,3980,0.04263204687382842,0.9982412060301508
M1@0.3 & R2@0.3 & R2@0.5 & S5@0.3 & S5@0.5 & S5@0.7,6,MRS,3976,0.042589200595563266,0.9982394366197183
R2@0.3 & S4@0.3 & S4@0.5 & S4@0.7,4,RS,3974,0.04256777745643069,0.9929542023150478
F1@0.3 & F1@0.5 & F1@0.7 & M1@0.3 & R2@0.3 & R2@0.5 & S5@0.3 & S5@0.5 & S5@0.7,9,FMRS,3962,0.04243923862163523,0.9989904088844018
M1@0.3 & M1@0.5 & R4@0.3 & R5@0.3,4,MR,3955,0.04236425763467121,0.9957016434892542
F1@0.3 & F1@0.5 & F1@0.7 & M1@0.3 & M1@0.5 & R4@0.3 & R5@0.3,7,FMR,3935,0.042150026243345434,0.9974587039390089
F1@0.3 & F1@0.5 & F1@0.7 & M2@0.3 & R1@0.3,5,FMR,3930,0.042096468395513995,0.9923664122137404
F1@0.3 & F1@0.5 & F1@0.7 & M2@0.3 & M2@0.5 & M2@0.7 & R4@0.3 & R4@0.5,8,FMR,3920,0.04198935269985111,0.9987244897959183
F1@0.3 & F1@0.5 & F1@0.7 & R2@0.3 & S4@0.3 & S4@0.5,6,FRS,3907,0.041850102295489355,0.9953928845661633
F1@0.3 & F1@0.5 & F1@0.7 & M2@0.3 & M2@0.5 & R4@0.3 & R4@0.5 & R4@0.7,8,FMR,3907,0.041850102295489355,0.9974404914256463
F1@0.3 & F1@0.5 & F1@0.7 & R2@0.3 & S4@0.3 & S4@0.5 & S4@0.7,7,FRS,3904,0.041817967586790496,0.9961577868852459
M1@0.3 & M2@0.3 & R3@0.3,3,MR,3893,0.041700140321561316,0.9894682763935269
F1@0.3 & F1@0.5 & F1@0.7 & M3@0.3 & R4@0.3 & R4@0.5 & R4@0.7,7,FMR,3885,0.04161444776503101,0.9961389961389961
M4@0.3 & R5@0.3 & R5@0.5,3,MR,3877,0.0415287552085007,0.9901986071704927
M4@0.3 & R4@0.3 & R4@0.5,3,MR,3875,0.04150733206936812,0.9889032258064516
M1@0.3 & M1@0.5 & M1@0.7 & R5@0.3 & R5@0.5 & R5@0.7 & S5@0.3 & S5@0.5,8,MRS,3873,0.04148590893023555,0.9994836044410018
M1@0.3 & M1@0.5 & M1@0.7 & R5@0.3 & R5@0.5 & R5@0.7 & S5@0.3 & S5@0.5 & S5@0.7,9,MRS,3867,0.04142163951283782,0.9994828032066201
F1@0.3 & F1@0.5 & F1@0.7 & M1@0.3 & M1@0.5 & M1@0.7 & R5@0.3 & R5@0.5 & R5@0.7 & S5@0.3 & S5@0.5 & S5@0.7,12,FMRS,3857,0.04131452381717493,0.9997407311381903
F1@0.3 & F1@0.5 & F1@0.7 & M1@0.3 & M2@0.3 & R3@0.3,6,FMR,3852,0.04126096596934349,0.9924714434060229
M2@0.3 & M2@0.5 & R2@0.3 & R2@0.5,4,MR,3798,0.040682541212763906,0.9947340705634544
M2@0.3 & M3@0.3 & M3@0.5,3,M,3785,0.04054329080840215,0.9772787318361955
M4@0.3 & M4@0.5 & M4@0.7 & S5@0.3,4,MS,3777,0.04045759825187185,0.9952343129467831
M3@0.3 & M3@0.5 & R3@0.3 & R3@0.5,4,MR,3776,0.04044688668230556,0.9899364406779662
M1@0.3 & M1@0.5 & M2@0.3 & S5@0.3 & S5@0.5,5,MS,3772,0.04040404040404041,0.9970837751855779
M4@0.3 & M4@0.5 & M4@0.7 & S5@0.3 & S5@0.5,5,MS,3771,0.040393328834474114,0.9952267303102625
R5@0.3 & R5@0.5 & R5@0.7 & S4@0.3,4,RS,3768,0.04036119412577525,0.9909766454352441
R5@0.3 & R5@0.5 & R5@0.7 & S4@0.3 & S4@0.5,5,RS,3760,0.04027550156924494,0.9912234042553192
M1@0.3 & M1@0.5 & M2@0.3 & S5@0.3 & S5@0.5 & S5@0.7,6,MS,3758,0.04025407843011236,0.9970729111229377
M2@0.3 & M2@0.5 & R3@0.3 & R3@0.5 & R3@0.7,5,MR,3741,0.04007198174748546,0.9962576851109329
M2@0.3 & M2@0.5 & R4@0.3 & R4@0.5 & S5@0.3 & S5@0.5,6,MRS,3736,0.040018423899654015,0.9989293361884368
