dataset,arm,n_concepts_mean,n_concepts_std,n_candidates_mean,n_after_stability_mean,n_after_kneedle_mean,auc_mean,auc_std,spend_r2_mean,spend_r2_std,invoice_r2_mean,invoice_r2_std,compression_mean,compression_std
Dunnhumby Complete Journey,baseline,113.0,13.258121200900895,517.4,517.4,517.4,0.8604701394148503,0.02915900209310713,0.5028154924952183,0.03764321614864093,0.6045106006510623,0.03297257277838834,4.636899225155489,0.5621559880613142
Dunnhumby Complete Journey,kuznetsov_loss<=1.0e+00,100.1,10.1920448280891,517.4,452.3,452.3,0.8602317035540968,0.029451641815537284,0.5032309186640205,0.03785572166260076,0.6057951799693799,0.03281105828189141,5.21829312649548,0.5529567676014363
Dunnhumby Complete Journey,kuznetsov_loss<=6.2e-02,88.4,9.946523680831074,517.4,373.4,373.4,0.8596342113383264,0.029660036491457986,0.5029197831978698,0.03822407245560155,0.6046088365525886,0.032445785361140254,5.920208586732772,0.6789188403034448
Dunnhumby Complete Journey,kuznetsov_loss<=3.9e-03,66.8,9.186947262284681,517.4,295.0,295.0,0.8602737804707005,0.030545641720911138,0.5054891463768405,0.037060668384071724,0.6050664767015206,0.03261313342075619,7.877422732510735,1.087082117735191
Dunnhumby Complete Journey,kuznetsov_loss<=1.5e-05,49.9,3.9846929339382946,517.4,215.9,215.9,0.8671295127493057,0.026293073622791346,0.5090949320828784,0.0358164576896339,0.6062795125540824,0.030305396532552358,10.433529148560202,0.9223881105485007
Dunnhumby Complete Journey,kuznetsov_loss<=5.4e-20,24.9,0.875595035770913,517.4,75.1,75.1,0.8687354483996745,0.02687292597540958,0.5154552552321644,0.03530948980743949,0.6078921395276988,0.031649382694115664,20.80584615384615,0.9291713309512243
Dunnhumby Complete Journey,hybrid_loss<=1.0e+00_S1.0,10.9,0.31622776601683794,517.4,452.3,42.1,0.8649008387332042,0.028000859382603993,0.5107691481998016,0.0355353542414646,0.5931697288606251,0.030531532278785755,47.50545454545455,1.6975713219246846
Dunnhumby Complete Journey,hybrid_loss<=6.2e-02_S1.0,10.7,0.4830458915396479,517.4,373.4,40.8,0.8652542848326741,0.028356514726118404,0.510845068927606,0.03551547848168515,0.5919015723279261,0.030365652802347577,48.44454545454546,2.3774902849636246
Dunnhumby Complete Journey,hybrid_loss<=3.9e-03_S1.0,10.6,0.9660917830792959,517.4,295.0,39.0,0.8652346489382591,0.028388746366765197,0.5107439750347463,0.0355326435267351,0.5931239943116531,0.03057189519382121,49.266363636363636,5.629764872998918
Dunnhumby Complete Journey,hybrid_loss<=1.5e-05_S1.0,6.9,1.1005049346146119,517.4,215.9,22.7,0.8673903896322477,0.027430147198291555,0.42783957604374356,0.04694199109187323,0.5833612910521663,0.02939904355829398,77.60357142857143,18.59476327056721
Dunnhumby Complete Journey,hybrid_loss<=5.4e-20_S1.0,4.7,0.48304589153964794,517.4,75.1,13.7,0.8707831916743807,0.025812738124330707,0.4111391546025958,0.029855436038584687,0.5814603360393482,0.031121985225719868,111.22,12.427572391885533
