dataset,origin,arm,subsample,core_jaccard,fuzzy_jaccard,concept_recurrence,n_concepts_ref,n_concepts_fit,core_concepts_per_customer_ref
Dunnhumby,day 347,crisp_rfm_fca,0,0.9825406360648652,0.9825406360648652,0.9821428571428571,56,55,5.631958350020024
Dunnhumby,day 347,crisp_rfm_fca,1,0.9780296673468479,0.9780296673468479,0.9821428571428571,56,55,5.631958350020024
Dunnhumby,day 347,crisp_rfm_fca,2,0.9639132182283965,0.9639132182283965,0.9642857142857143,56,54,5.631958350020024
Dunnhumby,day 347,crisp_rfm_fca,3,0.9521537244404686,0.9521537244404686,0.9821428571428571,56,55,5.631958350020024
Dunnhumby,day 347,crisp_rfm_fca,4,0.9723625493449283,0.9723625493449283,0.9642857142857143,56,54,5.631958350020024
Dunnhumby,day 347,crisp_rfm_fca,5,0.9826634818925567,0.9826634818925567,0.9821428571428571,56,55,5.631958350020024
Dunnhumby,day 347,crisp_rfm_fca,6,0.9872408795316283,0.9872408795316283,1.0,56,56,5.631958350020024
Dunnhumby,day 347,crisp_rfm_fca,7,0.911083646696382,0.911083646696382,0.9107142857142857,56,53,5.631958350020024
Dunnhumby,day 347,crisp_rfm_fca,8,0.920749993787639,0.920749993787639,0.9464285714285714,56,56,5.631958350020024
Dunnhumby,day 347,crisp_rfm_fca,9,0.8838778973440566,0.8838778973440566,0.9107142857142857,56,52,5.631958350020024
Dunnhumby,day 347,crisp_rfm_fca,10,0.9603924854125095,0.9603924854125095,0.9821428571428571,56,55,5.631958350020024
Dunnhumby,day 347,crisp_rfm_fca,11,0.9459577033565821,0.9459577033565821,0.9285714285714286,56,52,5.631958350020024
Dunnhumby,day 347,crisp_rfm_fca,12,0.9688252887592096,0.9688252887592096,0.9464285714285714,56,53,5.631958350020024
Dunnhumby,day 347,crisp_rfm_fca,13,0.9737979225864688,0.9737979225864688,0.9821428571428571,56,55,5.631958350020024
Dunnhumby,day 347,crisp_rfm_fca,14,0.9869757995308656,0.9869757995308656,1.0,56,56,5.631958350020024
Dunnhumby,day 347,crisp_rfm_fca,15,0.9808498769952515,0.9808498769952515,1.0,56,56,5.631958350020024
Dunnhumby,day 347,crisp_rfm_fca,16,0.9654517166631705,0.9654517166631705,0.9464285714285714,56,53,5.631958350020024
Dunnhumby,day 347,crisp_rfm_fca,17,0.9671434292579666,0.9671434292579666,0.9821428571428571,56,55,5.631958350020024
Dunnhumby,day 347,crisp_rfm_fca,18,0.9761489978450331,0.9761489978450331,0.9821428571428571,56,55,5.631958350020024
Dunnhumby,day 347,crisp_rfm_fca,19,0.925942429616839,0.925942429616839,0.9464285714285714,56,54,5.631958350020024
Dunnhumby,day 347,crisp_rfm_fca,20,0.9295602486331359,0.9295602486331359,0.9642857142857143,56,56,5.631958350020024
Dunnhumby,day 347,crisp_rfm_fca,21,0.9560642612404726,0.9560642612404726,0.9642857142857143,56,54,5.631958350020024
Dunnhumby,day 347,crisp_rfm_fca,22,0.976937086408452,0.976937086408452,0.9821428571428571,56,55,5.631958350020024
Dunnhumby,day 347,crisp_rfm_fca,23,0.9824885100215497,0.9824885100215497,1.0,56,56,5.631958350020024
Dunnhumby,day 347,crisp_rfm_fca,24,0.9531286894923259,0.9531286894923259,0.9464285714285714,56,53,5.631958350020024
Dunnhumby,day 347,crisp_rfm_fca,25,0.9210440262803097,0.9210440262803097,0.9642857142857143,56,56,5.631958350020024
Dunnhumby,day 347,crisp_rfm_fca,26,0.9879021492457617,0.9879021492457617,1.0,56,56,5.631958350020024
Dunnhumby,day 347,crisp_rfm_fca,27,0.9371016648549688,0.9371016648549688,0.9464285714285714,56,55,5.631958350020024
Dunnhumby,day 347,crisp_rfm_fca,28,0.9157954913862002,0.9157954913862002,0.9285714285714286,56,53,5.631958350020024
Dunnhumby,day 347,crisp_rfm_fca,29,0.9151555026204606,0.9151555026204606,0.9285714285714286,56,54,5.631958350020024
Dunnhumby,day 347,fuzzy_rfm_fca,0,0.9682247984961242,0.9393584999252599,0.9468085106382979,94,90,6.525830997196636
Dunnhumby,day 347,fuzzy_rfm_fca,1,0.9602389473311049,0.9101416633491245,0.8936170212765957,94,87,6.525830997196636
Dunnhumby,day 347,fuzzy_rfm_fca,2,0.9654860256576432,0.9349662091739824,0.9574468085106383,94,95,6.525830997196636
Dunnhumby,day 347,fuzzy_rfm_fca,3,0.9604306853205531,0.9254081003444653,0.9042553191489362,94,86,6.525830997196636
Dunnhumby,day 347,fuzzy_rfm_fca,4,0.9625445356272349,0.9418933305240565,0.9574468085106383,94,92,6.525830997196636
Dunnhumby,day 347,fuzzy_rfm_fca,5,0.9721753235269456,0.9536533662146395,0.9361702127659575,94,90,6.525830997196636
Dunnhumby,day 347,fuzzy_rfm_fca,6,0.9888897990720177,0.9848123921454645,1.0,94,95,6.525830997196636
Dunnhumby,day 347,fuzzy_rfm_fca,7,0.9126963313864066,0.8778653806335649,0.9042553191489362,94,90,6.525830997196636
Dunnhumby,day 347,fuzzy_rfm_fca,8,0.890227671038235,0.837912789129444,0.925531914893617,94,99,6.525830997196636
Dunnhumby,day 347,fuzzy_rfm_fca,9,0.870288396148112,0.8283544064392907,0.8829787234042553,94,88,6.525830997196636
Dunnhumby,day 347,fuzzy_rfm_fca,10,0.9009179230194448,0.8560854336787184,0.8404255319148937,94,81,6.525830997196636
Dunnhumby,day 347,fuzzy_rfm_fca,11,0.9632005544620497,0.931533966183321,0.9361702127659575,94,89,6.525830997196636
Dunnhumby,day 347,fuzzy_rfm_fca,12,0.9689863875292016,0.9316100470290476,0.9148936170212766,94,87,6.525830997196636
Dunnhumby,day 347,fuzzy_rfm_fca,13,0.9570016559880868,0.8998371848056377,0.8829787234042553,94,88,6.525830997196636
Dunnhumby,day 347,fuzzy_rfm_fca,14,0.9675108451703524,0.9260242858387544,0.925531914893617,94,91,6.525830997196636
Dunnhumby,day 347,fuzzy_rfm_fca,15,0.9760969507064821,0.9504830162406576,0.9468085106382979,94,91,6.525830997196636
Dunnhumby,day 347,fuzzy_rfm_fca,16,0.9547302111629304,0.9181344482997632,0.9361702127659575,94,92,6.525830997196636
Dunnhumby,day 347,fuzzy_rfm_fca,17,0.9661458163160206,0.9303736722312681,0.9042553191489362,94,86,6.525830997196636
Dunnhumby,day 347,fuzzy_rfm_fca,18,0.9202615689479338,0.8704625934905553,0.8723404255319149,94,87,6.525830997196636
Dunnhumby,day 347,fuzzy_rfm_fca,19,0.9038538274986463,0.8581380404779886,0.8723404255319149,94,86,6.525830997196636
Dunnhumby,day 347,fuzzy_rfm_fca,20,0.9034803628937798,0.8700621474557003,0.9468085106382979,94,97,6.525830997196636
Dunnhumby,day 347,fuzzy_rfm_fca,21,0.9618723836393088,0.9423903511709493,0.9574468085106383,94,91,6.525830997196636
Dunnhumby,day 347,fuzzy_rfm_fca,22,0.9629438387447999,0.9259737784272497,0.9361702127659575,94,91,6.525830997196636
Dunnhumby,day 347,fuzzy_rfm_fca,23,0.9516644775399399,0.9080486595378436,0.925531914893617,94,91,6.525830997196636
Dunnhumby,day 347,fuzzy_rfm_fca,24,0.9273661385834229,0.8840835964130225,0.8829787234042553,94,85,6.525830997196636
Dunnhumby,day 347,fuzzy_rfm_fca,25,0.9076961762484388,0.8815628525367901,0.9148936170212766,94,88,6.525830997196636
Dunnhumby,day 347,fuzzy_rfm_fca,26,0.9713582328320012,0.9449539631749402,0.9574468085106383,94,96,6.525830997196636
Dunnhumby,day 347,fuzzy_rfm_fca,27,0.9018906520933875,0.8476891243271999,0.8723404255319149,94,90,6.525830997196636
Dunnhumby,day 347,fuzzy_rfm_fca,28,0.9058714830090483,0.8647767736891748,0.8617021276595744,94,84,6.525830997196636
Dunnhumby,day 347,fuzzy_rfm_fca,29,0.8605108920618647,0.8259390784413858,0.8829787234042553,94,88,6.525830997196636
Dunnhumby,day 347,fuzzy_rfm_fca_matched,0,0.961499135848355,0.9456331076196394,0.9642857142857143,56,55,5.651982378854625
Dunnhumby,day 347,fuzzy_rfm_fca_matched,1,0.9584025050284563,0.9270141995978843,0.9464285714285714,56,55,5.651982378854625
Dunnhumby,day 347,fuzzy_rfm_fca_matched,2,0.9636928049923646,0.9497560382366169,0.9642857142857143,56,54,5.651982378854625
Dunnhumby,day 347,fuzzy_rfm_fca_matched,3,0.9571639447190108,0.9305469901364131,0.9464285714285714,56,55,5.651982378854625
Dunnhumby,day 347,fuzzy_rfm_fca_matched,4,0.9595587443304705,0.9528687171407113,0.9642857142857143,56,54,5.651982378854625
Dunnhumby,day 347,fuzzy_rfm_fca_matched,5,0.9668081357184752,0.9482507112355824,0.9464285714285714,56,55,5.651982378854625
Dunnhumby,day 347,fuzzy_rfm_fca_matched,6,0.9900423365181074,0.9887701847127128,1.0,56,56,5.651982378854625
Dunnhumby,day 347,fuzzy_rfm_fca_matched,7,0.922955036886755,0.8977474669971538,0.9285714285714286,56,53,5.651982378854625
Dunnhumby,day 347,fuzzy_rfm_fca_matched,8,0.8967440065607866,0.8688174124348321,0.9464285714285714,56,56,5.651982378854625
Dunnhumby,day 347,fuzzy_rfm_fca_matched,9,0.8807999113866153,0.84795584244951,0.9107142857142857,56,52,5.651982378854625
Dunnhumby,day 347,fuzzy_rfm_fca_matched,10,0.917300077442248,0.8912622261838999,0.9464285714285714,56,55,5.651982378854625
Dunnhumby,day 347,fuzzy_rfm_fca_matched,11,0.9425619167909918,0.9170908533882074,0.9107142857142857,56,52,5.651982378854625
Dunnhumby,day 347,fuzzy_rfm_fca_matched,12,0.935675990885183,0.9042165247487615,0.8928571428571429,56,53,5.651982378854625
Dunnhumby,day 347,fuzzy_rfm_fca_matched,13,0.9704923808448037,0.9431387195042181,0.9642857142857143,56,55,5.651982378854625
Dunnhumby,day 347,fuzzy_rfm_fca_matched,14,0.9684836700255203,0.942270223590851,0.9642857142857143,56,56,5.651982378854625
Dunnhumby,day 347,fuzzy_rfm_fca_matched,15,0.9724835859197094,0.9504098997197215,0.9642857142857143,56,56,5.651982378854625
Dunnhumby,day 347,fuzzy_rfm_fca_matched,16,0.9428407751195095,0.9172425888461474,0.9285714285714286,56,53,5.651982378854625
Dunnhumby,day 347,fuzzy_rfm_fca_matched,17,0.9607188821946531,0.9351752157153549,0.9464285714285714,56,55,5.651982378854625
Dunnhumby,day 347,fuzzy_rfm_fca_matched,18,0.9311818160036021,0.9056626650704237,0.9464285714285714,56,55,5.651982378854625
Dunnhumby,day 347,fuzzy_rfm_fca_matched,19,0.9008828794000412,0.8670849877167492,0.9107142857142857,56,54,5.651982378854625
Dunnhumby,day 347,fuzzy_rfm_fca_matched,20,0.9162470933596284,0.8971212410871858,0.9642857142857143,56,56,5.651982378854625
Dunnhumby,day 347,fuzzy_rfm_fca_matched,21,0.953544181978303,0.9455785161709946,0.9642857142857143,56,54,5.651982378854625
Dunnhumby,day 347,fuzzy_rfm_fca_matched,22,0.959185795959925,0.9457147061272207,0.9642857142857143,56,55,5.651982378854625
Dunnhumby,day 347,fuzzy_rfm_fca_matched,23,0.9513449556050678,0.9257819682885048,0.9642857142857143,56,56,5.651982378854625
Dunnhumby,day 347,fuzzy_rfm_fca_matched,24,0.928860591195393,0.9041545990629278,0.9285714285714286,56,53,5.651982378854625
Dunnhumby,day 347,fuzzy_rfm_fca_matched,25,0.9084374187197575,0.884134143193855,0.9464285714285714,56,56,5.651982378854625
Dunnhumby,day 347,fuzzy_rfm_fca_matched,26,0.9865467865467865,0.9820850640416676,1.0,56,56,5.651982378854625
Dunnhumby,day 347,fuzzy_rfm_fca_matched,27,0.9097282262080019,0.876364071099616,0.9285714285714286,56,55,5.651982378854625
Dunnhumby,day 347,fuzzy_rfm_fca_matched,28,0.9116912445006157,0.8790187572895761,0.9107142857142857,56,53,5.651982378854625
Dunnhumby,day 347,fuzzy_rfm_fca_matched,29,0.8722607127442931,0.8505908911310709,0.9285714285714286,56,54,5.651982378854625
Dunnhumby,day 438,crisp_rfm_fca,0,0.9175555018329237,0.9175555018329237,0.9807692307692307,52,54,5.458366693354684
Dunnhumby,day 438,crisp_rfm_fca,1,0.9582415138459974,0.9582415138459974,0.9807692307692307,52,52,5.458366693354684
Dunnhumby,day 438,crisp_rfm_fca,2,0.9392534662650756,0.9392534662650756,1.0,52,56,5.458366693354684
Dunnhumby,day 438,crisp_rfm_fca,3,0.9127632264541791,0.9127632264541791,0.9423076923076923,52,54,5.458366693354684
Dunnhumby,day 438,crisp_rfm_fca,4,0.9817906706317434,0.9817906706317434,1.0,52,53,5.458366693354684
Dunnhumby,day 438,crisp_rfm_fca,5,0.9013720500209691,0.9013720500209691,0.9038461538461539,52,51,5.458366693354684
Dunnhumby,day 438,crisp_rfm_fca,6,0.8871984889498901,0.8871984889498901,0.9230769230769231,52,53,5.458366693354684
Dunnhumby,day 438,crisp_rfm_fca,7,0.9027533137621208,0.9027533137621208,0.9038461538461539,52,52,5.458366693354684
Dunnhumby,day 438,crisp_rfm_fca,8,0.94156674545986,0.94156674545986,0.9807692307692307,52,55,5.458366693354684
Dunnhumby,day 438,crisp_rfm_fca,9,0.98093093522437,0.98093093522437,0.9807692307692307,52,51,5.458366693354684
Dunnhumby,day 438,crisp_rfm_fca,10,0.9611619454293595,0.9611619454293595,0.9807692307692307,52,52,5.458366693354684
Dunnhumby,day 438,crisp_rfm_fca,11,0.9150555364926862,0.9150555364926862,0.9230769230769231,52,52,5.458366693354684
Dunnhumby,day 438,crisp_rfm_fca,12,0.9825350756795913,0.9825350756795913,1.0,52,53,5.458366693354684
Dunnhumby,day 438,crisp_rfm_fca,13,0.9045924040819958,0.9045924040819958,0.9038461538461539,52,51,5.458366693354684
Dunnhumby,day 438,crisp_rfm_fca,14,0.9641367061903491,0.9641367061903491,0.9807692307692307,52,52,5.458366693354684
Dunnhumby,day 438,crisp_rfm_fca,15,0.9467694790753237,0.9467694790753237,1.0,52,55,5.458366693354684
Dunnhumby,day 438,crisp_rfm_fca,16,0.9792538792939114,0.9792538792939114,1.0,52,52,5.458366693354684
Dunnhumby,day 438,crisp_rfm_fca,17,0.9226991116702886,0.9226991116702886,0.9423076923076923,52,53,5.458366693354684
Dunnhumby,day 438,crisp_rfm_fca,18,0.901392224891024,0.901392224891024,0.9038461538461539,52,52,5.458366693354684
Dunnhumby,day 438,crisp_rfm_fca,19,0.9127420984406573,0.9127420984406573,0.9230769230769231,52,52,5.458366693354684
Dunnhumby,day 438,crisp_rfm_fca,20,0.9047879573500069,0.9047879573500069,0.9423076923076923,52,53,5.458366693354684
Dunnhumby,day 438,crisp_rfm_fca,21,0.9036711909209908,0.9036711909209908,0.9230769230769231,52,53,5.458366693354684
Dunnhumby,day 438,crisp_rfm_fca,22,0.9013701437340349,0.9013701437340349,0.9230769230769231,52,53,5.458366693354684
Dunnhumby,day 438,crisp_rfm_fca,23,0.9773296414909706,0.9773296414909706,0.9807692307692307,52,51,5.458366693354684
Dunnhumby,day 438,crisp_rfm_fca,24,0.9002382858667888,0.9002382858667888,0.9038461538461539,52,51,5.458366693354684
Dunnhumby,day 438,crisp_rfm_fca,25,0.9081041023294826,0.9081041023294826,0.9038461538461539,52,51,5.458366693354684
Dunnhumby,day 438,crisp_rfm_fca,26,0.8973510554475327,0.8973510554475327,0.9038461538461539,52,52,5.458366693354684
Dunnhumby,day 438,crisp_rfm_fca,27,0.9070523085134774,0.9070523085134774,0.9038461538461539,52,51,5.458366693354684
Dunnhumby,day 438,crisp_rfm_fca,28,0.8954430355251011,0.8954430355251011,0.9423076923076923,52,54,5.458366693354684
Dunnhumby,day 438,crisp_rfm_fca,29,0.9478595574872596,0.9478595574872596,0.9807692307692307,52,53,5.458366693354684
Dunnhumby,day 438,fuzzy_rfm_fca,0,0.91588533595748,0.8652533575343895,0.9247311827956989,93,90,6.476381104883907
Dunnhumby,day 438,fuzzy_rfm_fca,1,0.9624301822410307,0.9299800072589197,0.956989247311828,93,93,6.476381104883907
Dunnhumby,day 438,fuzzy_rfm_fca,2,0.9540250090678668,0.9256702766276985,0.946236559139785,93,90,6.476381104883907
Dunnhumby,day 438,fuzzy_rfm_fca,3,0.9127974118993404,0.8895356070282578,0.9247311827956989,93,94,6.476381104883907
Dunnhumby,day 438,fuzzy_rfm_fca,4,0.9726006690578348,0.9428182922908589,0.946236559139785,93,91,6.476381104883907
Dunnhumby,day 438,fuzzy_rfm_fca,5,0.8681419289382131,0.817236148481434,0.8602150537634409,93,91,6.476381104883907
Dunnhumby,day 438,fuzzy_rfm_fca,6,0.8929475898401039,0.863345542204336,0.9247311827956989,93,96,6.476381104883907
Dunnhumby,day 438,fuzzy_rfm_fca,7,0.9010672391053168,0.8566613506767607,0.8709677419354839,93,91,6.476381104883907
Dunnhumby,day 438,fuzzy_rfm_fca,8,0.9804746394518212,0.9493446850249985,0.978494623655914,93,94,6.476381104883907
Dunnhumby,day 438,fuzzy_rfm_fca,9,0.9738494191956961,0.9601536171655336,0.989247311827957,93,94,6.476381104883907
Dunnhumby,day 438,fuzzy_rfm_fca,10,0.9807639695950343,0.927844553184901,0.956989247311828,93,99,6.476381104883907
Dunnhumby,day 438,fuzzy_rfm_fca,11,0.9145919471145442,0.8992012522809126,0.946236559139785,93,95,6.476381104883907
Dunnhumby,day 438,fuzzy_rfm_fca,12,0.9778779067209813,0.9464808968229894,0.978494623655914,93,98,6.476381104883907
Dunnhumby,day 438,fuzzy_rfm_fca,13,0.905466964869487,0.8860591827413823,0.9354838709677419,93,94,6.476381104883907
Dunnhumby,day 438,fuzzy_rfm_fca,14,0.969235036158575,0.9270220820464982,0.956989247311828,93,96,6.476381104883907
Dunnhumby,day 438,fuzzy_rfm_fca,15,0.9736967984866304,0.9252421696799391,0.946236559139785,93,95,6.476381104883907
Dunnhumby,day 438,fuzzy_rfm_fca,16,0.9762410161229218,0.9298968109105507,0.946236559139785,93,94,6.476381104883907
Dunnhumby,day 438,fuzzy_rfm_fca,17,0.9156137480162491,0.889106324754474,0.946236559139785,93,98,6.476381104883907
Dunnhumby,day 438,fuzzy_rfm_fca,18,0.9073255646364131,0.8785977677625509,0.9247311827956989,93,95,6.476381104883907
Dunnhumby,day 438,fuzzy_rfm_fca,19,0.9130667281896161,0.8916539358212253,0.9354838709677419,93,97,6.476381104883907
Dunnhumby,day 438,fuzzy_rfm_fca,20,0.897062849255807,0.8648506997491048,0.9139784946236559,93,96,6.476381104883907
Dunnhumby,day 438,fuzzy_rfm_fca,21,0.9036433487220588,0.8728968965021422,0.9139784946236559,93,94,6.476381104883907
Dunnhumby,day 438,fuzzy_rfm_fca,22,0.8767210294258404,0.8440197289708699,0.9032258064516129,93,92,6.476381104883907
Dunnhumby,day 438,fuzzy_rfm_fca,23,0.9681543480983033,0.9302482392821864,0.9354838709677419,93,91,6.476381104883907
Dunnhumby,day 438,fuzzy_rfm_fca,24,0.8889648775427988,0.849565100730401,0.8817204301075269,93,91,6.476381104883907
Dunnhumby,day 438,fuzzy_rfm_fca,25,0.9052451718424198,0.8804280434961519,0.9354838709677419,93,99,6.476381104883907
Dunnhumby,day 438,fuzzy_rfm_fca,26,0.9051422384438798,0.8775620345811321,0.9354838709677419,93,95,6.476381104883907
Dunnhumby,day 438,fuzzy_rfm_fca,27,0.905478017144998,0.8707862143784563,0.8924731182795699,93,89,6.476381104883907
Dunnhumby,day 438,fuzzy_rfm_fca,28,0.8912589326688408,0.8434092513327366,0.8817204301075269,93,93,6.476381104883907
Dunnhumby,day 438,fuzzy_rfm_fca,29,0.9685554648625104,0.9347812852378202,0.9354838709677419,93,87,6.476381104883907
Dunnhumby,day 438,fuzzy_rfm_fca_matched,0,0.9127850332213823,0.8812647253614841,0.9807692307692307,52,54,5.451961569255404
Dunnhumby,day 438,fuzzy_rfm_fca_matched,1,0.9327720906884237,0.9122721356092868,0.9423076923076923,52,52,5.451961569255404
Dunnhumby,day 438,fuzzy_rfm_fca_matched,2,0.9422623624485114,0.9121853156919162,0.9807692307692307,52,56,5.451961569255404
Dunnhumby,day 438,fuzzy_rfm_fca_matched,3,0.9015313793936692,0.8943232033756605,0.9615384615384616,52,54,5.451961569255404
Dunnhumby,day 438,fuzzy_rfm_fca_matched,4,0.9568351506602107,0.9306084694732644,0.9615384615384616,52,53,5.451961569255404
Dunnhumby,day 438,fuzzy_rfm_fca_matched,5,0.8652777999955743,0.8359814364929715,0.9038461538461539,52,51,5.451961569255404
Dunnhumby,day 438,fuzzy_rfm_fca_matched,6,0.8955336285900737,0.8860043539685855,0.9615384615384616,52,53,5.451961569255404
Dunnhumby,day 438,fuzzy_rfm_fca_matched,7,0.9048976077298735,0.8890529458279364,0.9423076923076923,52,52,5.451961569255404
Dunnhumby,day 438,fuzzy_rfm_fca_matched,8,0.9623385577148588,0.9484609735327691,1.0,52,55,5.451961569255404
Dunnhumby,day 438,fuzzy_rfm_fca_matched,9,0.9706631827828786,0.9650447565386417,0.9807692307692307,52,51,5.451961569255404
Dunnhumby,day 438,fuzzy_rfm_fca_matched,10,0.9710572498402763,0.9413459465218672,0.9615384615384616,52,52,5.451961569255404
Dunnhumby,day 438,fuzzy_rfm_fca_matched,11,0.9161118071946736,0.9083885709657951,0.9615384615384616,52,52,5.451961569255404
Dunnhumby,day 438,fuzzy_rfm_fca_matched,12,0.9641654593516081,0.9559946545305397,0.9807692307692307,52,53,5.451961569255404
Dunnhumby,day 438,fuzzy_rfm_fca_matched,13,0.902282794156293,0.8936480879591217,0.9423076923076923,52,51,5.451961569255404
Dunnhumby,day 438,fuzzy_rfm_fca_matched,14,0.9540277532271125,0.9352894967530583,0.9615384615384616,52,52,5.451961569255404
Dunnhumby,day 438,fuzzy_rfm_fca_matched,15,0.9430499377857263,0.9145450472694244,0.9615384615384616,52,55,5.451961569255404
Dunnhumby,day 438,fuzzy_rfm_fca_matched,16,0.9622996088068145,0.9437016199578507,0.9615384615384616,52,52,5.451961569255404
Dunnhumby,day 438,fuzzy_rfm_fca_matched,17,0.9098912752135331,0.9021138920360894,0.9615384615384616,52,53,5.451961569255404
Dunnhumby,day 438,fuzzy_rfm_fca_matched,18,0.8983014416861496,0.8897683977490715,0.9423076923076923,52,52,5.451961569255404
Dunnhumby,day 438,fuzzy_rfm_fca_matched,19,0.902849277979382,0.8979346066217357,0.9423076923076923,52,52,5.451961569255404
Dunnhumby,day 438,fuzzy_rfm_fca_matched,20,0.8964889182963642,0.8738391531971718,0.9423076923076923,52,53,5.451961569255404
Dunnhumby,day 438,fuzzy_rfm_fca_matched,21,0.9056851486295041,0.8946588929425141,0.9615384615384616,52,53,5.451961569255404
Dunnhumby,day 438,fuzzy_rfm_fca_matched,22,0.8645698621279084,0.8484198980798027,0.9423076923076923,52,53,5.451961569255404
Dunnhumby,day 438,fuzzy_rfm_fca_matched,23,0.9638500266302509,0.9434417025674465,0.9615384615384616,52,51,5.451961569255404
Dunnhumby,day 438,fuzzy_rfm_fca_matched,24,0.8845460717558397,0.8651849941422859,0.9230769230769231,52,51,5.451961569255404
Dunnhumby,day 438,fuzzy_rfm_fca_matched,25,0.922141148372133,0.9160120325944855,0.9615384615384616,52,51,5.451961569255404
Dunnhumby,day 438,fuzzy_rfm_fca_matched,26,0.8898028234997811,0.8787542696411288,0.9423076923076923,52,52,5.451961569255404
Dunnhumby,day 438,fuzzy_rfm_fca_matched,27,0.9084642561423985,0.8896135341700507,0.9423076923076923,52,51,5.451961569255404
Dunnhumby,day 438,fuzzy_rfm_fca_matched,28,0.8914929890410274,0.8601797476724012,0.9423076923076923,52,54,5.451961569255404
Dunnhumby,day 438,fuzzy_rfm_fca_matched,29,0.9577578513026873,0.9390708688288946,0.9807692307692307,52,53,5.451961569255404
Dunnhumby,day 529,crisp_rfm_fca,0,0.9657472009353515,0.9657472009353515,0.9636363636363636,55,53,5.555244195356285
Dunnhumby,day 529,crisp_rfm_fca,1,0.9874880857066606,0.9874880857066606,1.0,55,55,5.555244195356285
Dunnhumby,day 529,crisp_rfm_fca,2,0.9639749895154218,0.9639749895154218,0.9818181818181818,55,54,5.555244195356285
Dunnhumby,day 529,crisp_rfm_fca,3,0.9746408237701271,0.9746408237701271,1.0,55,56,5.555244195356285
Dunnhumby,day 529,crisp_rfm_fca,4,0.984474722635251,0.984474722635251,1.0,55,55,5.555244195356285
Dunnhumby,day 529,crisp_rfm_fca,5,0.9778079606542377,0.9778079606542377,1.0,55,55,5.555244195356285
Dunnhumby,day 529,crisp_rfm_fca,6,0.9737952266575166,0.9737952266575166,0.9818181818181818,55,54,5.555244195356285
Dunnhumby,day 529,crisp_rfm_fca,7,0.9552308513477448,0.9552308513477448,0.9636363636363636,55,53,5.555244195356285
Dunnhumby,day 529,crisp_rfm_fca,8,0.9715915589614549,0.9715915589614549,0.9818181818181818,55,54,5.555244195356285
Dunnhumby,day 529,crisp_rfm_fca,9,0.9691175451183458,0.9691175451183458,1.0,55,55,5.555244195356285
Dunnhumby,day 529,crisp_rfm_fca,10,0.9776516451256242,0.9776516451256242,0.9818181818181818,55,54,5.555244195356285
Dunnhumby,day 529,crisp_rfm_fca,11,0.9405232699868407,0.9405232699868407,0.9818181818181818,55,54,5.555244195356285
Dunnhumby,day 529,crisp_rfm_fca,12,0.9926231461359564,0.9926231461359564,1.0,55,55,5.555244195356285
Dunnhumby,day 529,crisp_rfm_fca,13,0.9875447977429562,0.9875447977429562,1.0,55,56,5.555244195356285
Dunnhumby,day 529,crisp_rfm_fca,14,0.9762738762438522,0.9762738762438522,1.0,55,55,5.555244195356285
Dunnhumby,day 529,crisp_rfm_fca,15,0.9859959396088298,0.9859959396088298,1.0,55,55,5.555244195356285
Dunnhumby,day 529,crisp_rfm_fca,16,0.9711624855439905,0.9711624855439905,0.9636363636363636,55,53,5.555244195356285
Dunnhumby,day 529,crisp_rfm_fca,17,0.9647286082834521,0.9647286082834521,0.9636363636363636,55,53,5.555244195356285
Dunnhumby,day 529,crisp_rfm_fca,18,0.958189408669793,0.958189408669793,0.9636363636363636,55,53,5.555244195356285
Dunnhumby,day 529,crisp_rfm_fca,19,0.9887076327728851,0.9887076327728851,1.0,55,55,5.555244195356285
Dunnhumby,day 529,crisp_rfm_fca,20,0.9783512524305159,0.9783512524305159,0.9818181818181818,55,54,5.555244195356285
Dunnhumby,day 529,crisp_rfm_fca,21,0.965515269358344,0.965515269358344,1.0,55,55,5.555244195356285
Dunnhumby,day 529,crisp_rfm_fca,22,0.9692725609058676,0.9692725609058676,0.9636363636363636,55,53,5.555244195356285
Dunnhumby,day 529,crisp_rfm_fca,23,0.934897485087637,0.934897485087637,0.9454545454545454,55,52,5.555244195356285
Dunnhumby,day 529,crisp_rfm_fca,24,0.9856405759528257,0.9856405759528257,0.9818181818181818,55,54,5.555244195356285
Dunnhumby,day 529,crisp_rfm_fca,25,0.9636974659092353,0.9636974659092353,0.9818181818181818,55,54,5.555244195356285
Dunnhumby,day 529,crisp_rfm_fca,26,0.9710484260424213,0.9710484260424213,1.0,55,56,5.555244195356285
Dunnhumby,day 529,crisp_rfm_fca,27,0.9720298460991015,0.9720298460991015,0.9636363636363636,55,53,5.555244195356285
Dunnhumby,day 529,crisp_rfm_fca,28,0.9580400828599388,0.9580400828599388,0.9636363636363636,55,53,5.555244195356285
Dunnhumby,day 529,crisp_rfm_fca,29,0.954645938973401,0.954645938973401,0.9454545454545454,55,52,5.555244195356285
Dunnhumby,day 529,fuzzy_rfm_fca,0,0.9785151931068665,0.9703998114610317,0.9888888888888889,90,90,6.411128903122498
Dunnhumby,day 529,fuzzy_rfm_fca,1,0.9872684794522263,0.9547102891576452,0.9666666666666667,90,91,6.411128903122498
Dunnhumby,day 529,fuzzy_rfm_fca,2,0.9506552561843543,0.8974650055013046,0.9666666666666667,90,97,6.411128903122498
Dunnhumby,day 529,fuzzy_rfm_fca,3,0.9715884051452506,0.9540321499453094,0.9888888888888889,90,95,6.411128903122498
Dunnhumby,day 529,fuzzy_rfm_fca,4,0.9608845406883839,0.9110653251058636,0.9444444444444444,90,94,6.411128903122498
Dunnhumby,day 529,fuzzy_rfm_fca,5,0.9504127194529516,0.9225969116411495,0.9777777777777777,90,92,6.411128903122498
Dunnhumby,day 529,fuzzy_rfm_fca,6,0.9789645758120537,0.9694655339914746,0.9888888888888889,90,89,6.411128903122498
Dunnhumby,day 529,fuzzy_rfm_fca,7,0.9562813787493532,0.9112480731276463,0.9666666666666667,90,97,6.411128903122498
Dunnhumby,day 529,fuzzy_rfm_fca,8,0.9711142312673536,0.9437529796119092,0.9888888888888889,90,94,6.411128903122498
Dunnhumby,day 529,fuzzy_rfm_fca,9,0.9516452989231212,0.9200863476015768,0.9333333333333333,90,88,6.411128903122498
Dunnhumby,day 529,fuzzy_rfm_fca,10,0.9850560723859364,0.9716487609985646,1.0,90,93,6.411128903122498
Dunnhumby,day 529,fuzzy_rfm_fca,11,0.9393449703766379,0.8986739209228733,0.9666666666666667,90,92,6.411128903122498
Dunnhumby,day 529,fuzzy_rfm_fca,12,0.9789548577478923,0.9480144149493216,0.9777777777777777,90,94,6.411128903122498
Dunnhumby,day 529,fuzzy_rfm_fca,13,0.98951160928743,0.9845503854627679,0.9888888888888889,90,89,6.411128903122498
Dunnhumby,day 529,fuzzy_rfm_fca,14,0.9635496031412766,0.9350886614652962,0.9777777777777777,90,95,6.411128903122498
Dunnhumby,day 529,fuzzy_rfm_fca,15,0.9694853089512935,0.9492908735447859,0.9888888888888889,90,92,6.411128903122498
Dunnhumby,day 529,fuzzy_rfm_fca,16,0.9796827694145549,0.9582239713045982,0.9777777777777777,90,92,6.411128903122498
Dunnhumby,day 529,fuzzy_rfm_fca,17,0.9836890641091898,0.9623935125158811,1.0,90,95,6.411128903122498
Dunnhumby,day 529,fuzzy_rfm_fca,18,0.9488170623078549,0.9026668681602389,0.9444444444444444,90,91,6.411128903122498
Dunnhumby,day 529,fuzzy_rfm_fca,19,0.9878022764531973,0.9821963505291612,0.9888888888888889,90,91,6.411128903122498
Dunnhumby,day 529,fuzzy_rfm_fca,20,0.9718789294950224,0.9534759050144473,0.9777777777777777,90,89,6.411128903122498
Dunnhumby,day 529,fuzzy_rfm_fca,21,0.9586148221008122,0.9199826624364214,0.9666666666666667,90,93,6.411128903122498
Dunnhumby,day 529,fuzzy_rfm_fca,22,0.9824187221905397,0.9528391975443802,0.9888888888888889,90,94,6.411128903122498
Dunnhumby,day 529,fuzzy_rfm_fca,23,0.9546053148435054,0.9212378685677357,0.9666666666666667,90,92,6.411128903122498
Dunnhumby,day 529,fuzzy_rfm_fca,24,0.9754362788242523,0.9459809626463771,0.9555555555555556,90,90,6.411128903122498
Dunnhumby,day 529,fuzzy_rfm_fca,25,0.9574461999195902,0.9324121649173036,0.9666666666666667,90,91,6.411128903122498
Dunnhumby,day 529,fuzzy_rfm_fca,26,0.9633673973898785,0.9261911852513697,0.9555555555555556,90,92,6.411128903122498
Dunnhumby,day 529,fuzzy_rfm_fca,27,0.971924666495323,0.9403996689789467,0.9666666666666667,90,90,6.411128903122498
Dunnhumby,day 529,fuzzy_rfm_fca,28,0.9648021786282395,0.9210451965390857,0.9666666666666667,90,95,6.411128903122498
Dunnhumby,day 529,fuzzy_rfm_fca,29,0.9619404470185096,0.93163352522122,0.9333333333333333,90,84,6.411128903122498
Dunnhumby,day 529,fuzzy_rfm_fca_matched,0,0.9644425063860613,0.9613530712086673,0.9636363636363636,55,53,5.564451561248999
Dunnhumby,day 529,fuzzy_rfm_fca_matched,1,0.9917159124124697,0.985135938420005,1.0,55,55,5.564451561248999
Dunnhumby,day 529,fuzzy_rfm_fca_matched,2,0.9608326121436609,0.9454357718230749,0.9818181818181818,55,54,5.564451561248999
Dunnhumby,day 529,fuzzy_rfm_fca_matched,3,0.9727551882776062,0.9708150027738447,1.0,55,56,5.564451561248999
Dunnhumby,day 529,fuzzy_rfm_fca_matched,4,0.9709454421123757,0.9522345775680816,0.9818181818181818,55,55,5.564451561248999
Dunnhumby,day 529,fuzzy_rfm_fca_matched,5,0.9414726586463977,0.9233746267895767,0.9636363636363636,55,55,5.564451561248999
Dunnhumby,day 529,fuzzy_rfm_fca_matched,6,0.9711580375411442,0.9682417085379421,0.9818181818181818,55,54,5.564451561248999
Dunnhumby,day 529,fuzzy_rfm_fca_matched,7,0.9422366464600253,0.9174085270886617,0.9272727272727272,55,53,5.564451561248999
Dunnhumby,day 529,fuzzy_rfm_fca_matched,8,0.9752629087396902,0.9645268883553826,0.9818181818181818,55,54,5.564451561248999
Dunnhumby,day 529,fuzzy_rfm_fca_matched,9,0.961872196169634,0.947460252129506,0.9818181818181818,55,55,5.564451561248999
Dunnhumby,day 529,fuzzy_rfm_fca_matched,10,0.9812640588661404,0.9762108042537478,0.9818181818181818,55,54,5.564451561248999
Dunnhumby,day 529,fuzzy_rfm_fca_matched,11,0.9429655823671035,0.9126958037495784,0.9636363636363636,55,54,5.564451561248999
Dunnhumby,day 529,fuzzy_rfm_fca_matched,12,0.985214044251274,0.9808301831475261,1.0,55,55,5.564451561248999
Dunnhumby,day 529,fuzzy_rfm_fca_matched,13,0.9861694550445551,0.9815034636172423,1.0,55,56,5.564451561248999
Dunnhumby,day 529,fuzzy_rfm_fca_matched,14,0.97644544206794,0.9701087880333373,1.0,55,55,5.564451561248999
Dunnhumby,day 529,fuzzy_rfm_fca_matched,15,0.9766246763644684,0.967504737017874,1.0,55,55,5.564451561248999
Dunnhumby,day 529,fuzzy_rfm_fca_matched,16,0.9688328440530201,0.9632264782969363,0.9636363636363636,55,53,5.564451561248999
Dunnhumby,day 529,fuzzy_rfm_fca_matched,17,0.96774148256334,0.9512147502653933,0.9454545454545454,55,53,5.564451561248999
Dunnhumby,day 529,fuzzy_rfm_fca_matched,18,0.9434638186739867,0.9179499052444144,0.9454545454545454,55,53,5.564451561248999
Dunnhumby,day 529,fuzzy_rfm_fca_matched,19,0.9931135384498075,0.9911058646121179,1.0,55,55,5.564451561248999
Dunnhumby,day 529,fuzzy_rfm_fca_matched,20,0.9756743778861473,0.9639508378741874,0.9818181818181818,55,54,5.564451561248999
Dunnhumby,day 529,fuzzy_rfm_fca_matched,21,0.9582226164992378,0.9411689096447701,0.9818181818181818,55,55,5.564451561248999
Dunnhumby,day 529,fuzzy_rfm_fca_matched,22,0.9719485111899043,0.9614171079591257,0.9636363636363636,55,53,5.564451561248999
Dunnhumby,day 529,fuzzy_rfm_fca_matched,23,0.9402329800348215,0.9143396887236273,0.9272727272727272,55,52,5.564451561248999
Dunnhumby,day 529,fuzzy_rfm_fca_matched,24,0.9768106182137406,0.9718418203968953,0.9818181818181818,55,54,5.564451561248999
Dunnhumby,day 529,fuzzy_rfm_fca_matched,25,0.9622059552403828,0.952602251205604,0.9818181818181818,55,54,5.564451561248999
Dunnhumby,day 529,fuzzy_rfm_fca_matched,26,0.9696173388927591,0.9610355660031981,1.0,55,56,5.564451561248999
Dunnhumby,day 529,fuzzy_rfm_fca_matched,27,0.9675302435310441,0.9524383298014438,0.9636363636363636,55,53,5.564451561248999
Dunnhumby,day 529,fuzzy_rfm_fca_matched,28,0.9673237235587114,0.9523692564631926,0.9636363636363636,55,53,5.564451561248999
Dunnhumby,day 529,fuzzy_rfm_fca_matched,29,0.9543175810489661,0.9356658802768205,0.9454545454545454,55,52,5.564451561248999
Dunnhumby,day 620,crisp_rfm_fca,0,0.9527090634233492,0.9527090634233492,1.0,55,55,5.530612244897959
Dunnhumby,day 620,crisp_rfm_fca,1,0.9817793784180338,0.9817793784180338,1.0,55,55,5.530612244897959
Dunnhumby,day 620,crisp_rfm_fca,2,0.982043769888908,0.982043769888908,1.0,55,55,5.530612244897959
Dunnhumby,day 620,crisp_rfm_fca,3,0.9729595156966105,0.9729595156966105,0.9818181818181818,55,54,5.530612244897959
Dunnhumby,day 620,crisp_rfm_fca,4,0.9723184511899999,0.9723184511899999,1.0,55,56,5.530612244897959
Dunnhumby,day 620,crisp_rfm_fca,5,0.9793966937424321,0.9793966937424321,1.0,55,55,5.530612244897959
Dunnhumby,day 620,crisp_rfm_fca,6,0.9677320278760855,0.9677320278760855,1.0,55,55,5.530612244897959
Dunnhumby,day 620,crisp_rfm_fca,7,0.9725353777874787,0.9725353777874787,0.9818181818181818,55,54,5.530612244897959
Dunnhumby,day 620,crisp_rfm_fca,8,0.9877774919491605,0.9877774919491605,1.0,55,55,5.530612244897959
Dunnhumby,day 620,crisp_rfm_fca,9,0.9530039432800538,0.9530039432800538,0.9818181818181818,55,54,5.530612244897959
Dunnhumby,day 620,crisp_rfm_fca,10,0.984825835095943,0.984825835095943,1.0,55,55,5.530612244897959
Dunnhumby,day 620,crisp_rfm_fca,11,0.9759786598622132,0.9759786598622132,1.0,55,55,5.530612244897959
Dunnhumby,day 620,crisp_rfm_fca,12,0.9593672533948644,0.9593672533948644,0.9818181818181818,55,55,5.530612244897959
Dunnhumby,day 620,crisp_rfm_fca,13,0.9670339564397188,0.9670339564397188,0.9818181818181818,55,55,5.530612244897959
Dunnhumby,day 620,crisp_rfm_fca,14,0.9854808590102708,0.9854808590102708,1.0,55,55,5.530612244897959
Dunnhumby,day 620,crisp_rfm_fca,15,0.9792126374359268,0.9792126374359268,0.9818181818181818,55,54,5.530612244897959
Dunnhumby,day 620,crisp_rfm_fca,16,0.9443503086660349,0.9443503086660349,0.9636363636363636,55,55,5.530612244897959
Dunnhumby,day 620,crisp_rfm_fca,17,0.9752321707903941,0.9752321707903941,1.0,55,55,5.530612244897959
Dunnhumby,day 620,crisp_rfm_fca,18,0.9707919964522604,0.9707919964522604,1.0,55,55,5.530612244897959
Dunnhumby,day 620,crisp_rfm_fca,19,0.9915718668419748,0.9915718668419748,1.0,55,55,5.530612244897959
Dunnhumby,day 620,crisp_rfm_fca,20,0.9577716945364003,0.9577716945364003,0.9818181818181818,55,55,5.530612244897959
Dunnhumby,day 620,crisp_rfm_fca,21,0.9788140797444517,0.9788140797444517,1.0,55,55,5.530612244897959
Dunnhumby,day 620,crisp_rfm_fca,22,0.9619471598163076,0.9619471598163076,0.9636363636363636,55,54,5.530612244897959
Dunnhumby,day 620,crisp_rfm_fca,23,0.9733799869154012,0.9733799869154012,0.9818181818181818,55,54,5.530612244897959
Dunnhumby,day 620,crisp_rfm_fca,24,0.9636472049137115,0.9636472049137115,0.9818181818181818,55,54,5.530612244897959
Dunnhumby,day 620,crisp_rfm_fca,25,0.9756273938146687,0.9756273938146687,0.9818181818181818,55,54,5.530612244897959
Dunnhumby,day 620,crisp_rfm_fca,26,0.8661736989167962,0.8661736989167962,0.9272727272727272,55,52,5.530612244897959
Dunnhumby,day 620,crisp_rfm_fca,27,0.9831989938832675,0.9831989938832675,1.0,55,55,5.530612244897959
Dunnhumby,day 620,crisp_rfm_fca,28,0.9671784586850615,0.9671784586850615,1.0,55,56,5.530612244897959
Dunnhumby,day 620,crisp_rfm_fca,29,0.9934611940014099,0.9934611940014099,1.0,55,55,5.530612244897959
Dunnhumby,day 620,fuzzy_rfm_fca,0,0.9459806258664036,0.8958798899722327,0.9560439560439561,91,93,6.573029211684674
Dunnhumby,day 620,fuzzy_rfm_fca,1,0.978967628199674,0.9600901389937024,0.989010989010989,91,94,6.573029211684674
Dunnhumby,day 620,fuzzy_rfm_fca,2,0.9674570678075022,0.9373128557038791,0.945054945054945,91,89,6.573029211684674
Dunnhumby,day 620,fuzzy_rfm_fca,3,0.9596433568628329,0.9335964658086829,0.9560439560439561,91,88,6.573029211684674
Dunnhumby,day 620,fuzzy_rfm_fca,4,0.9707257682541914,0.9294810187509317,0.9560439560439561,91,91,6.573029211684674
Dunnhumby,day 620,fuzzy_rfm_fca,5,0.9698785034637023,0.9283180626804761,0.945054945054945,91,92,6.573029211684674
Dunnhumby,day 620,fuzzy_rfm_fca,6,0.9717801860252959,0.9459309411493296,0.967032967032967,91,93,6.573029211684674
Dunnhumby,day 620,fuzzy_rfm_fca,7,0.9742337171515345,0.9422046348812527,0.967032967032967,91,92,6.573029211684674
Dunnhumby,day 620,fuzzy_rfm_fca,8,0.9788495788925994,0.959794793852367,0.967032967032967,91,91,6.573029211684674
Dunnhumby,day 620,fuzzy_rfm_fca,9,0.9518892411979059,0.9132844060612729,0.989010989010989,91,97,6.573029211684674
Dunnhumby,day 620,fuzzy_rfm_fca,10,0.9714355993061594,0.9324440938072592,0.9560439560439561,91,92,6.573029211684674
Dunnhumby,day 620,fuzzy_rfm_fca,11,0.9612397038108498,0.9329730473186554,0.978021978021978,91,94,6.573029211684674
Dunnhumby,day 620,fuzzy_rfm_fca,12,0.9742524558091961,0.9455366304207301,0.978021978021978,91,93,6.573029211684674
Dunnhumby,day 620,fuzzy_rfm_fca,13,0.9608623295942342,0.932024906494903,0.945054945054945,91,89,6.573029211684674
Dunnhumby,day 620,fuzzy_rfm_fca,14,0.9786964613795346,0.9433457461637027,0.9560439560439561,91,92,6.573029211684674
Dunnhumby,day 620,fuzzy_rfm_fca,15,0.9777042368574338,0.9481422834328261,0.978021978021978,91,97,6.573029211684674
Dunnhumby,day 620,fuzzy_rfm_fca,16,0.967572593309653,0.9388301096852134,0.967032967032967,91,95,6.573029211684674
Dunnhumby,day 620,fuzzy_rfm_fca,17,0.9772291477167546,0.9499148792041229,0.9560439560439561,91,88,6.573029211684674
Dunnhumby,day 620,fuzzy_rfm_fca,18,0.9474878172198277,0.8984384109298283,0.945054945054945,91,92,6.573029211684674
Dunnhumby,day 620,fuzzy_rfm_fca,19,0.9881237004409804,0.9563663503870878,0.967032967032967,91,91,6.573029211684674
Dunnhumby,day 620,fuzzy_rfm_fca,20,0.9605938635403363,0.9269274046448539,0.967032967032967,91,90,6.573029211684674
Dunnhumby,day 620,fuzzy_rfm_fca,21,0.9915592977117589,0.972520494401631,0.967032967032967,91,89,6.573029211684674
Dunnhumby,day 620,fuzzy_rfm_fca,22,0.9757013654090133,0.9491201889548221,0.967032967032967,91,92,6.573029211684674
Dunnhumby,day 620,fuzzy_rfm_fca,23,0.9754593665246162,0.9467695942538586,0.9560439560439561,91,89,6.573029211684674
Dunnhumby,day 620,fuzzy_rfm_fca,24,0.9603359813037802,0.940303919029938,0.967032967032967,91,90,6.573029211684674
Dunnhumby,day 620,fuzzy_rfm_fca,25,0.9651879387367701,0.9227793460929198,0.945054945054945,91,89,6.573029211684674
Dunnhumby,day 620,fuzzy_rfm_fca,26,0.8149511618055691,0.7888270355592305,0.9340659340659341,91,96,6.573029211684674
Dunnhumby,day 620,fuzzy_rfm_fca,27,0.9846214440540405,0.9575086220780806,0.967032967032967,91,90,6.573029211684674
Dunnhumby,day 620,fuzzy_rfm_fca,28,0.9658538923068265,0.9193503649934229,0.967032967032967,91,94,6.573029211684674
Dunnhumby,day 620,fuzzy_rfm_fca,29,0.988424169626062,0.9663637971088115,0.9560439560439561,91,88,6.573029211684674
Dunnhumby,day 620,fuzzy_rfm_fca_matched,0,0.9403090307051891,0.9115546445579114,0.9636363636363636,55,55,5.62264905962385
Dunnhumby,day 620,fuzzy_rfm_fca_matched,1,0.9736517806145659,0.9512870463458184,0.9636363636363636,55,55,5.62264905962385
Dunnhumby,day 620,fuzzy_rfm_fca_matched,2,0.9714706439796476,0.9596021500262322,0.9818181818181818,55,55,5.62264905962385
Dunnhumby,day 620,fuzzy_rfm_fca_matched,3,0.9575691815187614,0.9358761694301913,0.9636363636363636,55,54,5.62264905962385
Dunnhumby,day 620,fuzzy_rfm_fca_matched,4,0.9672829116106427,0.9433229832380692,0.9818181818181818,55,56,5.62264905962385
Dunnhumby,day 620,fuzzy_rfm_fca_matched,5,0.9722326704019381,0.9466913081479079,0.9636363636363636,55,55,5.62264905962385
Dunnhumby,day 620,fuzzy_rfm_fca_matched,6,0.9508135177703005,0.9309611794335334,0.9454545454545454,55,55,5.62264905962385
Dunnhumby,day 620,fuzzy_rfm_fca_matched,7,0.9521900923761669,0.9319462745915181,0.9454545454545454,55,54,5.62264905962385
Dunnhumby,day 620,fuzzy_rfm_fca_matched,8,0.9729125560758214,0.9680163370769914,0.9818181818181818,55,55,5.62264905962385
Dunnhumby,day 620,fuzzy_rfm_fca_matched,9,0.9500118007020768,0.9234639869712578,0.9636363636363636,55,54,5.62264905962385
Dunnhumby,day 620,fuzzy_rfm_fca_matched,10,0.9536650224525375,0.9249847826740437,0.9454545454545454,55,55,5.62264905962385
Dunnhumby,day 620,fuzzy_rfm_fca_matched,11,0.9672966844635513,0.9479076385278586,0.9818181818181818,55,55,5.62264905962385
Dunnhumby,day 620,fuzzy_rfm_fca_matched,12,0.9621723114820354,0.9429967863274787,0.9636363636363636,55,55,5.62264905962385
Dunnhumby,day 620,fuzzy_rfm_fca_matched,13,0.9403086120673155,0.9193314159923074,0.9454545454545454,55,55,5.62264905962385
Dunnhumby,day 620,fuzzy_rfm_fca_matched,14,0.9608038742192403,0.9489473197184287,0.9636363636363636,55,55,5.62264905962385
Dunnhumby,day 620,fuzzy_rfm_fca_matched,15,0.9722818520237488,0.9638127601605027,0.9636363636363636,55,54,5.62264905962385
Dunnhumby,day 620,fuzzy_rfm_fca_matched,16,0.9760474697149366,0.9640347950139401,0.9818181818181818,55,55,5.62264905962385
Dunnhumby,day 620,fuzzy_rfm_fca_matched,17,0.9587249685088821,0.9423956472571072,0.9636363636363636,55,55,5.62264905962385
Dunnhumby,day 620,fuzzy_rfm_fca_matched,18,0.9462975866337213,0.9198534372964818,0.9636363636363636,55,55,5.62264905962385
Dunnhumby,day 620,fuzzy_rfm_fca_matched,19,0.9910261607140358,0.9688477782915821,0.9818181818181818,55,55,5.62264905962385
Dunnhumby,day 620,fuzzy_rfm_fca_matched,20,0.9439758942760144,0.9214676970137241,0.9636363636363636,55,55,5.62264905962385
Dunnhumby,day 620,fuzzy_rfm_fca_matched,21,0.9865701225545163,0.9751267555319331,0.9818181818181818,55,55,5.62264905962385
Dunnhumby,day 620,fuzzy_rfm_fca_matched,22,0.9586490029467222,0.9543746149234791,0.9636363636363636,55,54,5.62264905962385
Dunnhumby,day 620,fuzzy_rfm_fca_matched,23,0.984723827370886,0.964906645215443,0.9818181818181818,55,54,5.62264905962385
Dunnhumby,day 620,fuzzy_rfm_fca_matched,24,0.9567359022641136,0.9419578792289353,0.9636363636363636,55,54,5.62264905962385
Dunnhumby,day 620,fuzzy_rfm_fca_matched,25,0.9599123776494725,0.9400677573839255,0.9636363636363636,55,54,5.62264905962385
Dunnhumby,day 620,fuzzy_rfm_fca_matched,26,0.8185251945155907,0.7953267005274806,0.8727272727272727,55,52,5.62264905962385
Dunnhumby,day 620,fuzzy_rfm_fca_matched,27,0.9679151236474167,0.9521801767082472,0.9636363636363636,55,55,5.62264905962385
Dunnhumby,day 620,fuzzy_rfm_fca_matched,28,0.9425990431692713,0.9107567123000716,0.9454545454545454,55,56,5.62264905962385
Dunnhumby,day 620,fuzzy_rfm_fca_matched,29,0.9673285009419463,0.9574199101149733,0.9636363636363636,55,55,5.62264905962385
Online Retail II,2010-09-10,crisp_rfm_fca,0,0.9831641534854445,0.9831641534854445,0.9795918367346939,49,48,5.32987859046491
Online Retail II,2010-09-10,crisp_rfm_fca,1,0.9806221293266008,0.9806221293266008,0.9795918367346939,49,48,5.32987859046491
Online Retail II,2010-09-10,crisp_rfm_fca,2,0.9525778107655514,0.9525778107655514,0.9795918367346939,49,50,5.32987859046491
Online Retail II,2010-09-10,crisp_rfm_fca,3,0.971219812661921,0.971219812661921,0.9795918367346939,49,48,5.32987859046491
Online Retail II,2010-09-10,crisp_rfm_fca,4,0.9692612811135168,0.9692612811135168,1.0,49,51,5.32987859046491
Online Retail II,2010-09-10,crisp_rfm_fca,5,0.9782304089159286,0.9782304089159286,1.0,49,50,5.32987859046491
Online Retail II,2010-09-10,crisp_rfm_fca,6,0.9615824474278724,0.9615824474278724,0.9591836734693877,49,48,5.32987859046491
Online Retail II,2010-09-10,crisp_rfm_fca,7,0.9422971305337312,0.9422971305337312,0.9387755102040817,49,46,5.32987859046491
Online Retail II,2010-09-10,crisp_rfm_fca,8,0.9718723467168833,0.9718723467168833,0.9795918367346939,49,49,5.32987859046491
Online Retail II,2010-09-10,crisp_rfm_fca,9,0.9689011289766397,0.9689011289766397,0.9795918367346939,49,49,5.32987859046491
Online Retail II,2010-09-10,crisp_rfm_fca,10,0.9631414829371595,0.9631414829371595,0.9591836734693877,49,47,5.32987859046491
Online Retail II,2010-09-10,crisp_rfm_fca,11,0.9664678533719103,0.9664678533719103,0.9795918367346939,49,50,5.32987859046491
Online Retail II,2010-09-10,crisp_rfm_fca,12,0.9733976466727429,0.9733976466727429,0.9795918367346939,49,49,5.32987859046491
Online Retail II,2010-09-10,crisp_rfm_fca,13,0.9683000849050598,0.9683000849050598,0.9591836734693877,49,47,5.32987859046491
Online Retail II,2010-09-10,crisp_rfm_fca,14,0.9517901849409105,0.9517901849409105,0.9387755102040817,49,48,5.32987859046491
Online Retail II,2010-09-10,crisp_rfm_fca,15,0.9737024844664762,0.9737024844664762,0.9795918367346939,49,49,5.32987859046491
Online Retail II,2010-09-10,crisp_rfm_fca,16,0.9587205764656165,0.9587205764656165,0.9591836734693877,49,48,5.32987859046491
Online Retail II,2010-09-10,crisp_rfm_fca,17,0.9612803764195532,0.9612803764195532,0.9795918367346939,49,50,5.32987859046491
Online Retail II,2010-09-10,crisp_rfm_fca,18,0.980714768566412,0.980714768566412,0.9795918367346939,49,48,5.32987859046491
Online Retail II,2010-09-10,crisp_rfm_fca,19,0.972832752415222,0.972832752415222,0.9795918367346939,49,49,5.32987859046491
Online Retail II,2010-09-10,crisp_rfm_fca,20,0.9443106025353583,0.9443106025353583,0.9387755102040817,49,48,5.32987859046491
Online Retail II,2010-09-10,crisp_rfm_fca,21,0.9510215527242475,0.9510215527242475,0.9591836734693877,49,48,5.32987859046491
Online Retail II,2010-09-10,crisp_rfm_fca,22,0.9456945186883001,0.9456945186883001,1.0,49,51,5.32987859046491
Online Retail II,2010-09-10,crisp_rfm_fca,23,0.9852117456129894,0.9852117456129894,0.9795918367346939,49,48,5.32987859046491
Online Retail II,2010-09-10,crisp_rfm_fca,24,0.9722551565829624,0.9722551565829624,0.9591836734693877,49,47,5.32987859046491
Online Retail II,2010-09-10,crisp_rfm_fca,25,0.9805894940777973,0.9805894940777973,0.9795918367346939,49,48,5.32987859046491
Online Retail II,2010-09-10,crisp_rfm_fca,26,0.9637489472328087,0.9637489472328087,0.9591836734693877,49,48,5.32987859046491
Online Retail II,2010-09-10,crisp_rfm_fca,27,0.9551901582772178,0.9551901582772178,0.9795918367346939,49,50,5.32987859046491
Online Retail II,2010-09-10,crisp_rfm_fca,28,0.9483531751373032,0.9483531751373032,0.9387755102040817,49,48,5.32987859046491
Online Retail II,2010-09-10,crisp_rfm_fca,29,0.9682227431042948,0.9682227431042948,0.9591836734693877,49,48,5.32987859046491
Online Retail II,2010-09-10,fuzzy_rfm_fca,0,0.9835847344508879,0.9584271884784904,0.9552238805970149,67,66,5.773467574770506
Online Retail II,2010-09-10,fuzzy_rfm_fca,1,0.9802997852672121,0.9699336456752565,1.0,67,70,5.773467574770506
Online Retail II,2010-09-10,fuzzy_rfm_fca,2,0.9786688790760452,0.957235905793689,0.9701492537313433,67,66,5.773467574770506
Online Retail II,2010-09-10,fuzzy_rfm_fca,3,0.9847169158614227,0.9752423873710849,0.9850746268656716,67,67,5.773467574770506
Online Retail II,2010-09-10,fuzzy_rfm_fca,4,0.9806221490482668,0.9503396483128984,0.9552238805970149,67,65,5.773467574770506
Online Retail II,2010-09-10,fuzzy_rfm_fca,5,0.989847785879767,0.9769313928570791,0.9850746268656716,67,68,5.773467574770506
Online Retail II,2010-09-10,fuzzy_rfm_fca,6,0.9928643092175814,0.9784189425755005,1.0,67,68,5.773467574770506
Online Retail II,2010-09-10,fuzzy_rfm_fca,7,0.9612124172014607,0.9421801293420059,0.9701492537313433,67,66,5.773467574770506
Online Retail II,2010-09-10,fuzzy_rfm_fca,8,0.9881644931911441,0.9829298742165196,1.0,67,68,5.773467574770506
Online Retail II,2010-09-10,fuzzy_rfm_fca,9,0.9743216494623068,0.9604370321290143,0.9701492537313433,67,67,5.773467574770506
Online Retail II,2010-09-10,fuzzy_rfm_fca,10,0.9796699146936044,0.9485527451173169,0.9701492537313433,67,67,5.773467574770506
Online Retail II,2010-09-10,fuzzy_rfm_fca,11,0.9853292834563192,0.9715169580880929,0.9701492537313433,67,67,5.773467574770506
Online Retail II,2010-09-10,fuzzy_rfm_fca,12,0.9897730991083078,0.9677981429680468,0.9552238805970149,67,64,5.773467574770506
Online Retail II,2010-09-10,fuzzy_rfm_fca,13,0.9762211622812748,0.9591810192795847,0.9701492537313433,67,67,5.773467574770506
Online Retail II,2010-09-10,fuzzy_rfm_fca,14,0.985686125640227,0.9726233895578704,0.9850746268656716,67,67,5.773467574770506
Online Retail II,2010-09-10,fuzzy_rfm_fca,15,0.9883915191510689,0.9847207336247622,1.0,67,69,5.773467574770506
Online Retail II,2010-09-10,fuzzy_rfm_fca,16,0.9894212497928815,0.9782426286091898,0.9850746268656716,67,67,5.773467574770506
Online Retail II,2010-09-10,fuzzy_rfm_fca,17,0.989910530360634,0.9737191360453847,0.9701492537313433,67,65,5.773467574770506
Online Retail II,2010-09-10,fuzzy_rfm_fca,18,0.9784696508045634,0.970898218036275,1.0,67,71,5.773467574770506
Online Retail II,2010-09-10,fuzzy_rfm_fca,19,0.9803017730468131,0.9471108043414649,0.9402985074626866,67,65,5.773467574770506
Online Retail II,2010-09-10,fuzzy_rfm_fca,20,0.9709680861368749,0.933874478356474,0.9552238805970149,67,67,5.773467574770506
Online Retail II,2010-09-10,fuzzy_rfm_fca,21,0.9811798161368788,0.948740003072152,0.9552238805970149,67,65,5.773467574770506
Online Retail II,2010-09-10,fuzzy_rfm_fca,22,0.9605789252369057,0.9351783170802811,0.9552238805970149,67,66,5.773467574770506
Online Retail II,2010-09-10,fuzzy_rfm_fca,23,0.9831382030597311,0.9577812155672751,0.9402985074626866,67,64,5.773467574770506
Online Retail II,2010-09-10,fuzzy_rfm_fca,24,0.985504488273218,0.9704533571927231,0.9701492537313433,67,67,5.773467574770506
Online Retail II,2010-09-10,fuzzy_rfm_fca,25,0.9837494596674341,0.9587527370304304,0.9701492537313433,67,68,5.773467574770506
Online Retail II,2010-09-10,fuzzy_rfm_fca,26,0.9757554926565883,0.9438690535042741,0.9850746268656716,67,70,5.773467574770506
Online Retail II,2010-09-10,fuzzy_rfm_fca,27,0.9624824785322268,0.9374848089687625,0.9552238805970149,67,67,5.773467574770506
Online Retail II,2010-09-10,fuzzy_rfm_fca,28,0.9782478165732532,0.9658562846215372,0.9701492537313433,67,66,5.773467574770506
Online Retail II,2010-09-10,fuzzy_rfm_fca,29,0.9918042532271137,0.9838352743660541,1.0,67,68,5.773467574770506
Online Retail II,2010-09-10,fuzzy_rfm_fca_matched,0,0.9840075957339801,0.9626994077922608,0.9591836734693877,49,48,5.149541012733195
Online Retail II,2010-09-10,fuzzy_rfm_fca_matched,1,0.9591135857200412,0.9460019627514454,0.9387755102040817,49,48,5.149541012733195
Online Retail II,2010-09-10,fuzzy_rfm_fca_matched,2,0.9665934097160037,0.9487692173052594,0.9795918367346939,49,50,5.149541012733195
Online Retail II,2010-09-10,fuzzy_rfm_fca_matched,3,0.9561012458406595,0.9431986209700552,0.9387755102040817,49,48,5.149541012733195
Online Retail II,2010-09-10,fuzzy_rfm_fca_matched,4,0.9583212759996889,0.9297485139697587,0.9591836734693877,49,51,5.149541012733195
Online Retail II,2010-09-10,fuzzy_rfm_fca_matched,5,0.9785358597247847,0.968650278302037,0.9795918367346939,49,50,5.149541012733195
Online Retail II,2010-09-10,fuzzy_rfm_fca_matched,6,0.9759190962033722,0.9605901338628547,0.9591836734693877,49,48,5.149541012733195
Online Retail II,2010-09-10,fuzzy_rfm_fca_matched,7,0.9535161544933533,0.9373198303396771,0.9387755102040817,49,46,5.149541012733195
Online Retail II,2010-09-10,fuzzy_rfm_fca_matched,8,0.9610536857279529,0.9557541444079913,0.9591836734693877,49,49,5.149541012733195
Online Retail II,2010-09-10,fuzzy_rfm_fca_matched,9,0.9636518960919316,0.9519600870278666,0.9591836734693877,49,49,5.149541012733195
Online Retail II,2010-09-10,fuzzy_rfm_fca_matched,10,0.9545691640968514,0.9254775993889869,0.9183673469387755,49,47,5.149541012733195
Online Retail II,2010-09-10,fuzzy_rfm_fca_matched,11,0.9787246954999398,0.9689724237397779,0.9795918367346939,49,50,5.149541012733195
Online Retail II,2010-09-10,fuzzy_rfm_fca_matched,12,0.973787581812456,0.9542271128905272,0.9591836734693877,49,49,5.149541012733195
Online Retail II,2010-09-10,fuzzy_rfm_fca_matched,13,0.9703870957128287,0.9509233420981831,0.9387755102040817,49,47,5.149541012733195
Online Retail II,2010-09-10,fuzzy_rfm_fca_matched,14,0.9740573700967542,0.9598964067297128,0.9591836734693877,49,48,5.149541012733195
Online Retail II,2010-09-10,fuzzy_rfm_fca_matched,15,0.9977191646572753,0.9941317160365123,1.0,49,49,5.149541012733195
Online Retail II,2010-09-10,fuzzy_rfm_fca_matched,16,0.978321684073831,0.9652146027894126,0.9591836734693877,49,48,5.149541012733195
Online Retail II,2010-09-10,fuzzy_rfm_fca_matched,17,0.973907839602243,0.9617922666321298,0.9795918367346939,49,50,5.149541012733195
Online Retail II,2010-09-10,fuzzy_rfm_fca_matched,18,0.9581496186174895,0.949767338603071,0.9387755102040817,49,48,5.149541012733195
Online Retail II,2010-09-10,fuzzy_rfm_fca_matched,19,0.9680346863349528,0.9359334968183803,0.9387755102040817,49,49,5.149541012733195
Online Retail II,2010-09-10,fuzzy_rfm_fca_matched,20,0.9630527001048175,0.9287260667023232,0.9387755102040817,49,48,5.149541012733195
Online Retail II,2010-09-10,fuzzy_rfm_fca_matched,21,0.9669016864752725,0.935161611415852,0.9387755102040817,49,48,5.149541012733195
Online Retail II,2010-09-10,fuzzy_rfm_fca_matched,22,0.9425104565095682,0.9192169254620657,0.9591836734693877,49,51,5.149541012733195
Online Retail II,2010-09-10,fuzzy_rfm_fca_matched,23,0.9832121823164168,0.9619713733901627,0.9591836734693877,49,48,5.149541012733195
Online Retail II,2010-09-10,fuzzy_rfm_fca_matched,24,0.9879841927887529,0.9753867826381794,0.9591836734693877,49,47,5.149541012733195
Online Retail II,2010-09-10,fuzzy_rfm_fca_matched,25,0.9680346378525235,0.9466240238830764,0.9387755102040817,49,48,5.149541012733195
Online Retail II,2010-09-10,fuzzy_rfm_fca_matched,26,0.9679172536738423,0.9330589874085505,0.9387755102040817,49,48,5.149541012733195
Online Retail II,2010-09-10,fuzzy_rfm_fca_matched,27,0.9385582633731879,0.917835095473337,0.9387755102040817,49,50,5.149541012733195
Online Retail II,2010-09-10,fuzzy_rfm_fca_matched,28,0.9744466856474555,0.9585372862435831,0.9591836734693877,49,48,5.149541012733195
Online Retail II,2010-09-10,fuzzy_rfm_fca_matched,29,0.9570766186401366,0.9486499537537254,0.9387755102040817,49,48,5.149541012733195
Online Retail II,2010-12-10,crisp_rfm_fca,0,0.971909312677741,0.971909312677741,1.0,49,51,5.29346314325452
Online Retail II,2010-12-10,crisp_rfm_fca,1,0.977436419630439,0.977436419630439,1.0,49,50,5.29346314325452
Online Retail II,2010-12-10,crisp_rfm_fca,2,0.9904648762611211,0.9904648762611211,1.0,49,49,5.29346314325452
Online Retail II,2010-12-10,crisp_rfm_fca,3,0.960974813704299,0.960974813704299,0.9591836734693877,49,48,5.29346314325452
Online Retail II,2010-12-10,crisp_rfm_fca,4,0.96092880423548,0.96092880423548,0.9591836734693877,49,48,5.29346314325452
Online Retail II,2010-12-10,crisp_rfm_fca,5,0.9670864215370474,0.9670864215370474,1.0,49,50,5.29346314325452
Online Retail II,2010-12-10,crisp_rfm_fca,6,0.9603618725837085,0.9603618725837085,0.9795918367346939,49,50,5.29346314325452
Online Retail II,2010-12-10,crisp_rfm_fca,7,0.9851535421771863,0.9851535421771863,1.0,49,50,5.29346314325452
Online Retail II,2010-12-10,crisp_rfm_fca,8,0.9581535017035714,0.9581535017035714,0.9795918367346939,49,50,5.29346314325452
Online Retail II,2010-12-10,crisp_rfm_fca,9,0.9849901759498422,0.9849901759498422,1.0,49,50,5.29346314325452
Online Retail II,2010-12-10,crisp_rfm_fca,10,0.9851896924741154,0.9851896924741154,1.0,49,50,5.29346314325452
Online Retail II,2010-12-10,crisp_rfm_fca,11,0.9654809319100003,0.9654809319100003,0.9795918367346939,49,49,5.29346314325452
Online Retail II,2010-12-10,crisp_rfm_fca,12,0.976692716956973,0.976692716956973,1.0,49,50,5.29346314325452
Online Retail II,2010-12-10,crisp_rfm_fca,13,0.9869411881581562,0.9869411881581562,1.0,49,49,5.29346314325452
Online Retail II,2010-12-10,crisp_rfm_fca,14,0.9716366426032629,0.9716366426032629,1.0,49,50,5.29346314325452
Online Retail II,2010-12-10,crisp_rfm_fca,15,0.970528401439389,0.970528401439389,1.0,49,50,5.29346314325452
Online Retail II,2010-12-10,crisp_rfm_fca,16,0.9847202905269664,0.9847202905269664,0.9795918367346939,49,48,5.29346314325452
Online Retail II,2010-12-10,crisp_rfm_fca,17,0.9841499386874909,0.9841499386874909,1.0,49,49,5.29346314325452
Online Retail II,2010-12-10,crisp_rfm_fca,18,0.9784166169945029,0.9784166169945029,0.9795918367346939,49,49,5.29346314325452
Online Retail II,2010-12-10,crisp_rfm_fca,19,0.9807639026867121,0.9807639026867121,1.0,49,50,5.29346314325452
Online Retail II,2010-12-10,crisp_rfm_fca,20,0.9700176060224738,0.9700176060224738,1.0,49,51,5.29346314325452
Online Retail II,2010-12-10,crisp_rfm_fca,21,0.9871553554620314,0.9871553554620314,1.0,49,49,5.29346314325452
Online Retail II,2010-12-10,crisp_rfm_fca,22,0.970145582923747,0.970145582923747,0.9795918367346939,49,49,5.29346314325452
Online Retail II,2010-12-10,crisp_rfm_fca,23,0.979185231010683,0.979185231010683,0.9795918367346939,49,49,5.29346314325452
Online Retail II,2010-12-10,crisp_rfm_fca,24,0.9955601364328764,0.9955601364328764,1.0,49,49,5.29346314325452
Online Retail II,2010-12-10,crisp_rfm_fca,25,0.9673030473621572,0.9673030473621572,1.0,49,51,5.29346314325452
Online Retail II,2010-12-10,crisp_rfm_fca,26,0.986046085733151,0.986046085733151,0.9795918367346939,49,48,5.29346314325452
Online Retail II,2010-12-10,crisp_rfm_fca,27,0.9733583600760235,0.9733583600760235,0.9795918367346939,49,49,5.29346314325452
Online Retail II,2010-12-10,crisp_rfm_fca,28,0.9809121163954264,0.9809121163954264,0.9795918367346939,49,48,5.29346314325452
Online Retail II,2010-12-10,crisp_rfm_fca,29,0.9673093692739034,0.9673093692739034,1.0,49,51,5.29346314325452
Online Retail II,2010-12-10,fuzzy_rfm_fca,0,0.9818325510222958,0.9617966851045823,0.974025974025974,77,76,6.231339823829392
Online Retail II,2010-12-10,fuzzy_rfm_fca,1,0.968324927547295,0.9412199255261905,0.961038961038961,77,77,6.231339823829392
Online Retail II,2010-12-10,fuzzy_rfm_fca,2,0.981866059905412,0.9609876092269356,0.974025974025974,77,77,6.231339823829392
Online Retail II,2010-12-10,fuzzy_rfm_fca,3,0.972949952037533,0.9488463883186505,0.987012987012987,77,80,6.231339823829392
Online Retail II,2010-12-10,fuzzy_rfm_fca,4,0.9646752403067342,0.9408074258434574,0.974025974025974,77,79,6.231339823829392
Online Retail II,2010-12-10,fuzzy_rfm_fca,5,0.9641484676045546,0.9497408545127742,0.987012987012987,77,79,6.231339823829392
Online Retail II,2010-12-10,fuzzy_rfm_fca,6,0.9878506530330959,0.9605105789712197,0.961038961038961,77,76,6.231339823829392
Online Retail II,2010-12-10,fuzzy_rfm_fca,7,0.9766422076155775,0.9487164035495409,0.974025974025974,77,77,6.231339823829392
Online Retail II,2010-12-10,fuzzy_rfm_fca,8,0.9686724236354033,0.9448488451390182,0.974025974025974,77,78,6.231339823829392
Online Retail II,2010-12-10,fuzzy_rfm_fca,9,0.9759572930531372,0.9491376701194324,0.974025974025974,77,79,6.231339823829392
Online Retail II,2010-12-10,fuzzy_rfm_fca,10,0.9845396649689785,0.9708157070613603,0.987012987012987,77,78,6.231339823829392
Online Retail II,2010-12-10,fuzzy_rfm_fca,11,0.9663058036605855,0.9354828752686795,0.974025974025974,77,78,6.231339823829392
Online Retail II,2010-12-10,fuzzy_rfm_fca,12,0.9805596247498809,0.9554218162236525,0.961038961038961,77,76,6.231339823829392
Online Retail II,2010-12-10,fuzzy_rfm_fca,13,0.975859728461381,0.9554680122718886,0.974025974025974,77,77,6.231339823829392
Online Retail II,2010-12-10,fuzzy_rfm_fca,14,0.9613806418544414,0.933021845748253,0.974025974025974,77,78,6.231339823829392
Online Retail II,2010-12-10,fuzzy_rfm_fca,15,0.9708527895695531,0.9531308023076372,0.974025974025974,77,77,6.231339823829392
Online Retail II,2010-12-10,fuzzy_rfm_fca,16,0.9835151473998321,0.9644435522454534,0.961038961038961,77,76,6.231339823829392
Online Retail II,2010-12-10,fuzzy_rfm_fca,17,0.9735336051451161,0.947077835055774,0.987012987012987,77,79,6.231339823829392
Online Retail II,2010-12-10,fuzzy_rfm_fca,18,0.9776171598013617,0.9453850171708994,0.974025974025974,77,79,6.231339823829392
Online Retail II,2010-12-10,fuzzy_rfm_fca,19,0.9795030137049282,0.966196835151262,0.961038961038961,77,75,6.231339823829392
Online Retail II,2010-12-10,fuzzy_rfm_fca,20,0.9674719336458476,0.9370909116097258,0.974025974025974,77,79,6.231339823829392
Online Retail II,2010-12-10,fuzzy_rfm_fca,21,0.9733041541742353,0.9475448670515685,0.974025974025974,77,77,6.231339823829392
Online Retail II,2010-12-10,fuzzy_rfm_fca,22,0.9627717200811982,0.9370665370438382,0.974025974025974,77,78,6.231339823829392
Online Retail II,2010-12-10,fuzzy_rfm_fca,23,0.9785162254727826,0.9573259453466781,0.987012987012987,77,79,6.231339823829392
Online Retail II,2010-12-10,fuzzy_rfm_fca,24,0.9811662380559132,0.9765985707914462,0.987012987012987,77,78,6.231339823829392
Online Retail II,2010-12-10,fuzzy_rfm_fca,25,0.9766077650665111,0.9640310849150371,0.987012987012987,77,79,6.231339823829392
Online Retail II,2010-12-10,fuzzy_rfm_fca,26,0.9934147639580022,0.9829245917661825,0.987012987012987,77,77,6.231339823829392
Online Retail II,2010-12-10,fuzzy_rfm_fca,27,0.9729982476541218,0.9575114900739353,0.987012987012987,77,76,6.231339823829392
Online Retail II,2010-12-10,fuzzy_rfm_fca,28,0.9834089780594321,0.9512345328058736,0.961038961038961,77,76,6.231339823829392
Online Retail II,2010-12-10,fuzzy_rfm_fca,29,0.966892997131073,0.9383523617964763,0.974025974025974,77,79,6.231339823829392
Online Retail II,2010-12-10,fuzzy_rfm_fca_matched,0,0.9698839440320663,0.9539545737735017,0.9795918367346939,49,51,5.264024107556792
Online Retail II,2010-12-10,fuzzy_rfm_fca_matched,1,0.9646749820776247,0.9411683150856052,0.9591836734693877,49,50,5.264024107556792
Online Retail II,2010-12-10,fuzzy_rfm_fca_matched,2,0.9786954262962609,0.967106984656108,0.9795918367346939,49,49,5.264024107556792
Online Retail II,2010-12-10,fuzzy_rfm_fca_matched,3,0.9661048252065186,0.9406331898306403,0.9387755102040817,49,48,5.264024107556792
Online Retail II,2010-12-10,fuzzy_rfm_fca_matched,4,0.9608900931397455,0.9346816245895508,0.9387755102040817,49,48,5.264024107556792
Online Retail II,2010-12-10,fuzzy_rfm_fca_matched,5,0.9656161229179309,0.9484360180811039,0.9795918367346939,49,50,5.264024107556792
Online Retail II,2010-12-10,fuzzy_rfm_fca_matched,6,0.9746275649092061,0.9507313409756489,0.9591836734693877,49,50,5.264024107556792
Online Retail II,2010-12-10,fuzzy_rfm_fca_matched,7,0.9702518364548961,0.9392339055532036,0.9591836734693877,49,50,5.264024107556792
Online Retail II,2010-12-10,fuzzy_rfm_fca_matched,8,0.9677107469875201,0.9520528229995028,0.9795918367346939,49,50,5.264024107556792
Online Retail II,2010-12-10,fuzzy_rfm_fca_matched,9,0.9714757889305873,0.9433447825252156,0.9591836734693877,49,50,5.264024107556792
Online Retail II,2010-12-10,fuzzy_rfm_fca_matched,10,0.9804120080197966,0.9649430796165974,0.9795918367346939,49,50,5.264024107556792
Online Retail II,2010-12-10,fuzzy_rfm_fca_matched,11,0.960034534825912,0.9330083131138123,0.9591836734693877,49,49,5.264024107556792
Online Retail II,2010-12-10,fuzzy_rfm_fca_matched,12,0.9718992759674261,0.9486574367196708,0.9591836734693877,49,50,5.264024107556792
Online Retail II,2010-12-10,fuzzy_rfm_fca_matched,13,0.9774178938817326,0.9631044086350268,0.9795918367346939,49,49,5.264024107556792
Online Retail II,2010-12-10,fuzzy_rfm_fca_matched,14,0.9659404721122385,0.9263271686979346,0.9591836734693877,49,50,5.264024107556792
Online Retail II,2010-12-10,fuzzy_rfm_fca_matched,15,0.9629101105457156,0.9417042272742358,0.9591836734693877,49,50,5.264024107556792
Online Retail II,2010-12-10,fuzzy_rfm_fca_matched,16,0.9870087055066192,0.9673587346543682,0.9591836734693877,49,48,5.264024107556792
Online Retail II,2010-12-10,fuzzy_rfm_fca_matched,17,0.9701735021276049,0.9527177698555322,0.9795918367346939,49,49,5.264024107556792
Online Retail II,2010-12-10,fuzzy_rfm_fca_matched,18,0.9766008884228633,0.9492685400830784,0.9591836734693877,49,49,5.264024107556792
Online Retail II,2010-12-10,fuzzy_rfm_fca_matched,19,0.9797916791136541,0.9650077995816109,0.9795918367346939,49,50,5.264024107556792
Online Retail II,2010-12-10,fuzzy_rfm_fca_matched,20,0.968437828590819,0.9280491121848458,0.9591836734693877,49,51,5.264024107556792
Online Retail II,2010-12-10,fuzzy_rfm_fca_matched,21,0.9687952404572711,0.9408064204124628,0.9591836734693877,49,49,5.264024107556792
Online Retail II,2010-12-10,fuzzy_rfm_fca_matched,22,0.9507728845872101,0.9218236933226341,0.9387755102040817,49,49,5.264024107556792
Online Retail II,2010-12-10,fuzzy_rfm_fca_matched,23,0.9730000817448662,0.9485790665062319,0.9591836734693877,49,49,5.264024107556792
Online Retail II,2010-12-10,fuzzy_rfm_fca_matched,24,0.9930572949175174,0.991886746888287,1.0,49,49,5.264024107556792
Online Retail II,2010-12-10,fuzzy_rfm_fca_matched,25,0.9809909936300757,0.9736789171655155,1.0,49,51,5.264024107556792
Online Retail II,2010-12-10,fuzzy_rfm_fca_matched,26,0.996247841171346,0.9848769058166168,0.9795918367346939,49,48,5.264024107556792
Online Retail II,2010-12-10,fuzzy_rfm_fca_matched,27,0.9705891195807748,0.9549144971592118,0.9795918367346939,49,49,5.264024107556792
Online Retail II,2010-12-10,fuzzy_rfm_fca_matched,28,0.988274546115297,0.9607333238472615,0.9591836734693877,49,48,5.264024107556792
Online Retail II,2010-12-10,fuzzy_rfm_fca_matched,29,0.9663150421669199,0.9425805605402088,0.9795918367346939,49,51,5.264024107556792
Online Retail II,2011-03-11,crisp_rfm_fca,0,0.9851819008896734,0.9851819008896734,1.0,48,49,5.3195831524099
Online Retail II,2011-03-11,crisp_rfm_fca,1,0.9753053063354845,0.9753053063354845,1.0,48,49,5.3195831524099
Online Retail II,2011-03-11,crisp_rfm_fca,2,0.9804422395282144,0.9804422395282144,1.0,48,49,5.3195831524099
Online Retail II,2011-03-11,crisp_rfm_fca,3,0.9757258554153907,0.9757258554153907,1.0,48,49,5.3195831524099
Online Retail II,2011-03-11,crisp_rfm_fca,4,0.987586890241037,0.987586890241037,1.0,48,48,5.3195831524099
Online Retail II,2011-03-11,crisp_rfm_fca,5,0.964658455719029,0.964658455719029,1.0,48,50,5.3195831524099
Online Retail II,2011-03-11,crisp_rfm_fca,6,0.9740508020468942,0.9740508020468942,0.9791666666666666,48,48,5.3195831524099
Online Retail II,2011-03-11,crisp_rfm_fca,7,0.9799642805450449,0.9799642805450449,1.0,48,50,5.3195831524099
Online Retail II,2011-03-11,crisp_rfm_fca,8,0.9807024481525133,0.9807024481525133,1.0,48,50,5.3195831524099
Online Retail II,2011-03-11,crisp_rfm_fca,9,0.9696714054508238,0.9696714054508238,1.0,48,49,5.3195831524099
Online Retail II,2011-03-11,crisp_rfm_fca,10,0.9709419422185379,0.9709419422185379,1.0,48,50,5.3195831524099
Online Retail II,2011-03-11,crisp_rfm_fca,11,0.9757736004045167,0.9757736004045167,0.9791666666666666,48,49,5.3195831524099
Online Retail II,2011-03-11,crisp_rfm_fca,12,0.9645890469110182,0.9645890469110182,1.0,48,50,5.3195831524099
Online Retail II,2011-03-11,crisp_rfm_fca,13,0.9750454893203484,0.9750454893203484,0.9791666666666666,48,48,5.3195831524099
Online Retail II,2011-03-11,crisp_rfm_fca,14,0.9701706836368147,0.9701706836368147,1.0,48,49,5.3195831524099
Online Retail II,2011-03-11,crisp_rfm_fca,15,0.9776058613553185,0.9776058613553185,0.9791666666666666,48,48,5.3195831524099
Online Retail II,2011-03-11,crisp_rfm_fca,16,0.9778227580062143,0.9778227580062143,1.0,48,49,5.3195831524099
Online Retail II,2011-03-11,crisp_rfm_fca,17,0.9786627126672721,0.9786627126672721,1.0,48,50,5.3195831524099
Online Retail II,2011-03-11,crisp_rfm_fca,18,0.9709139969886821,0.9709139969886821,0.9791666666666666,48,49,5.3195831524099
Online Retail II,2011-03-11,crisp_rfm_fca,19,0.9856261501561111,0.9856261501561111,0.9791666666666666,48,47,5.3195831524099
Online Retail II,2011-03-11,crisp_rfm_fca,20,0.9771312780431323,0.9771312780431323,1.0,48,50,5.3195831524099
Online Retail II,2011-03-11,crisp_rfm_fca,21,0.9879176981652014,0.9879176981652014,1.0,48,49,5.3195831524099
Online Retail II,2011-03-11,crisp_rfm_fca,22,0.9725751717284501,0.9725751717284501,1.0,48,50,5.3195831524099
Online Retail II,2011-03-11,crisp_rfm_fca,23,0.9734899629005144,0.9734899629005144,1.0,48,49,5.3195831524099
Online Retail II,2011-03-11,crisp_rfm_fca,24,0.9606757592048516,0.9606757592048516,0.9791666666666666,48,50,5.3195831524099
Online Retail II,2011-03-11,crisp_rfm_fca,25,0.9816034233533147,0.9816034233533147,1.0,48,48,5.3195831524099
Online Retail II,2011-03-11,crisp_rfm_fca,26,0.9756538854834554,0.9756538854834554,1.0,48,48,5.3195831524099
Online Retail II,2011-03-11,crisp_rfm_fca,27,0.9675370415274889,0.9675370415274889,1.0,48,51,5.3195831524099
Online Retail II,2011-03-11,crisp_rfm_fca,28,0.9874178090689162,0.9874178090689162,0.9791666666666666,48,47,5.3195831524099
Online Retail II,2011-03-11,crisp_rfm_fca,29,0.9851774835383171,0.9851774835383171,1.0,48,49,5.3195831524099
Online Retail II,2011-03-11,fuzzy_rfm_fca,0,0.9726374580695031,0.9627936787261602,0.961038961038961,77,75,6.295701259227095
Online Retail II,2011-03-11,fuzzy_rfm_fca,1,0.962678441038668,0.9558806135661296,0.987012987012987,77,77,6.295701259227095
Online Retail II,2011-03-11,fuzzy_rfm_fca,2,0.9717386179183132,0.9487886569237635,1.0,77,82,6.295701259227095
Online Retail II,2011-03-11,fuzzy_rfm_fca,3,0.9658239885499406,0.9540291290902547,0.987012987012987,77,78,6.295701259227095
Online Retail II,2011-03-11,fuzzy_rfm_fca,4,0.9852974097940282,0.9768389669065406,1.0,77,78,6.295701259227095
Online Retail II,2011-03-11,fuzzy_rfm_fca,5,0.9525148723261142,0.9293969672691174,1.0,77,84,6.295701259227095
Online Retail II,2011-03-11,fuzzy_rfm_fca,6,0.9800125322693392,0.9729223159703181,1.0,77,77,6.295701259227095
Online Retail II,2011-03-11,fuzzy_rfm_fca,7,0.9770102650724608,0.957544515841888,0.987012987012987,77,80,6.295701259227095
Online Retail II,2011-03-11,fuzzy_rfm_fca,8,0.9908366061458711,0.9723839576043484,1.0,77,81,6.295701259227095
Online Retail II,2011-03-11,fuzzy_rfm_fca,9,0.9581010380104794,0.9444213826196258,0.987012987012987,77,79,6.295701259227095
Online Retail II,2011-03-11,fuzzy_rfm_fca,10,0.9673473114421302,0.9584338609602906,0.974025974025974,77,76,6.295701259227095
Online Retail II,2011-03-11,fuzzy_rfm_fca,11,0.9903932470530384,0.9768088489528202,0.987012987012987,77,78,6.295701259227095
Online Retail II,2011-03-11,fuzzy_rfm_fca,12,0.9636917991234493,0.9566300002563787,0.974025974025974,77,76,6.295701259227095
Online Retail II,2011-03-11,fuzzy_rfm_fca,13,0.9837100672971386,0.9663924785794925,1.0,77,80,6.295701259227095
Online Retail II,2011-03-11,fuzzy_rfm_fca,14,0.9673247225023227,0.9380351557392189,1.0,77,82,6.295701259227095
Online Retail II,2011-03-11,fuzzy_rfm_fca,15,0.9946094530584709,0.9832541999742425,1.0,77,78,6.295701259227095
Online Retail II,2011-03-11,fuzzy_rfm_fca,16,0.9781339509007705,0.9632568090652561,1.0,77,78,6.295701259227095
Online Retail II,2011-03-11,fuzzy_rfm_fca,17,0.9784975785984197,0.970494729514732,0.987012987012987,77,79,6.295701259227095
Online Retail II,2011-03-11,fuzzy_rfm_fca,18,0.9907119396780798,0.97736494916177,1.0,77,78,6.295701259227095
Online Retail II,2011-03-11,fuzzy_rfm_fca,19,0.9836289623171957,0.9693631046479947,1.0,77,81,6.295701259227095
Online Retail II,2011-03-11,fuzzy_rfm_fca,20,0.9771269163629496,0.9644339681107448,0.987012987012987,77,78,6.295701259227095
Online Retail II,2011-03-11,fuzzy_rfm_fca,21,0.9716384292857436,0.9485420845630167,0.974025974025974,77,80,6.295701259227095
Online Retail II,2011-03-11,fuzzy_rfm_fca,22,0.9677480043426953,0.9603820103140037,0.961038961038961,77,75,6.295701259227095
Online Retail II,2011-03-11,fuzzy_rfm_fca,23,0.976146076854871,0.9485603891150604,1.0,77,80,6.295701259227095
Online Retail II,2011-03-11,fuzzy_rfm_fca,24,0.9629025676238122,0.9358045064693166,0.987012987012987,77,84,6.295701259227095
Online Retail II,2011-03-11,fuzzy_rfm_fca,25,0.9713686157290726,0.9498141270865872,0.987012987012987,77,79,6.295701259227095
Online Retail II,2011-03-11,fuzzy_rfm_fca,26,0.962711836057941,0.9387545129699584,0.974025974025974,77,79,6.295701259227095
Online Retail II,2011-03-11,fuzzy_rfm_fca,27,0.9791093873840382,0.9675522040409641,1.0,77,79,6.295701259227095
Online Retail II,2011-03-11,fuzzy_rfm_fca,28,0.9816466883336185,0.9775253636434069,0.974025974025974,77,75,6.295701259227095
Online Retail II,2011-03-11,fuzzy_rfm_fca,29,0.9900757558250342,0.9786152881061436,0.987012987012987,77,77,6.295701259227095
Online Retail II,2011-03-11,fuzzy_rfm_fca_matched,0,0.9914446568050563,0.9805881889715072,1.0,48,49,5.343899261832393
Online Retail II,2011-03-11,fuzzy_rfm_fca_matched,1,0.9688409470107255,0.9629961158964361,1.0,48,49,5.343899261832393
Online Retail II,2011-03-11,fuzzy_rfm_fca_matched,2,0.9757216989359847,0.9528652248995081,0.9791666666666666,48,49,5.343899261832393
Online Retail II,2011-03-11,fuzzy_rfm_fca_matched,3,0.9632527740267645,0.9505207071211377,0.9791666666666666,48,49,5.343899261832393
Online Retail II,2011-03-11,fuzzy_rfm_fca_matched,4,0.9646114234585794,0.9532245580627287,0.9583333333333334,48,48,5.343899261832393
Online Retail II,2011-03-11,fuzzy_rfm_fca_matched,5,0.9651488443770251,0.9449341687552083,1.0,48,50,5.343899261832393
Online Retail II,2011-03-11,fuzzy_rfm_fca_matched,6,0.9819894168406976,0.9759526747003938,1.0,48,48,5.343899261832393
Online Retail II,2011-03-11,fuzzy_rfm_fca_matched,7,0.990418546812381,0.9696729308321823,1.0,48,50,5.343899261832393
Online Retail II,2011-03-11,fuzzy_rfm_fca_matched,8,0.9853275138283821,0.9739928962830593,1.0,48,50,5.343899261832393
Online Retail II,2011-03-11,fuzzy_rfm_fca_matched,9,0.9711833451683647,0.9578114073200539,1.0,48,49,5.343899261832393
Online Retail II,2011-03-11,fuzzy_rfm_fca_matched,10,0.9638932984080617,0.9578481701090875,1.0,48,50,5.343899261832393
Online Retail II,2011-03-11,fuzzy_rfm_fca_matched,11,0.9899752518673491,0.9727689559281409,0.9791666666666666,48,49,5.343899261832393
Online Retail II,2011-03-11,fuzzy_rfm_fca_matched,12,0.9641872185565196,0.9581805828317619,1.0,48,50,5.343899261832393
Online Retail II,2011-03-11,fuzzy_rfm_fca_matched,13,0.9834144771617633,0.9655240293995683,0.9791666666666666,48,48,5.343899261832393
Online Retail II,2011-03-11,fuzzy_rfm_fca_matched,14,0.970832254299471,0.9441709271767583,0.9791666666666666,48,49,5.343899261832393
Online Retail II,2011-03-11,fuzzy_rfm_fca_matched,15,0.9892329277804746,0.9763611664786827,0.9791666666666666,48,48,5.343899261832393
Online Retail II,2011-03-11,fuzzy_rfm_fca_matched,16,0.980449228245581,0.9650549325653963,1.0,48,49,5.343899261832393
Online Retail II,2011-03-11,fuzzy_rfm_fca_matched,17,0.9670575408091691,0.9571718469853893,0.9791666666666666,48,50,5.343899261832393
Online Retail II,2011-03-11,fuzzy_rfm_fca_matched,18,0.9911283763758796,0.9770287703343674,1.0,48,49,5.343899261832393
Online Retail II,2011-03-11,fuzzy_rfm_fca_matched,19,0.9801735094885334,0.9685695481832561,0.9583333333333334,48,47,5.343899261832393
Online Retail II,2011-03-11,fuzzy_rfm_fca_matched,20,0.9788580894909596,0.96594279753983,1.0,48,50,5.343899261832393
Online Retail II,2011-03-11,fuzzy_rfm_fca_matched,21,0.975993020223372,0.9612822161569082,0.9791666666666666,48,49,5.343899261832393
Online Retail II,2011-03-11,fuzzy_rfm_fca_matched,22,0.9738258816254908,0.9647848130781611,1.0,48,50,5.343899261832393
Online Retail II,2011-03-11,fuzzy_rfm_fca_matched,23,0.966252859891592,0.9336122924875078,0.9583333333333334,48,49,5.343899261832393
Online Retail II,2011-03-11,fuzzy_rfm_fca_matched,24,0.9840935780579723,0.9622813689116748,1.0,48,50,5.343899261832393
Online Retail II,2011-03-11,fuzzy_rfm_fca_matched,25,0.9762090017137781,0.9620316615600483,0.9791666666666666,48,48,5.343899261832393
Online Retail II,2011-03-11,fuzzy_rfm_fca_matched,26,0.9718351021054018,0.9514010718050422,0.9791666666666666,48,48,5.343899261832393
Online Retail II,2011-03-11,fuzzy_rfm_fca_matched,27,0.9664417450403121,0.9560162181269856,1.0,48,51,5.343899261832393
Online Retail II,2011-03-11,fuzzy_rfm_fca_matched,28,0.9869267311787938,0.9818396752176167,0.9791666666666666,48,47,5.343899261832393
Online Retail II,2011-03-11,fuzzy_rfm_fca_matched,29,0.9964278556875169,0.9837181333337974,1.0,48,49,5.343899261832393
Online Retail II,2011-06-10,crisp_rfm_fca,0,0.984403752731727,0.984403752731727,0.9787234042553191,47,46,5.246985530546624
Online Retail II,2011-06-10,crisp_rfm_fca,1,0.9645603876964409,0.9645603876964409,1.0,47,49,5.246985530546624
Online Retail II,2011-06-10,crisp_rfm_fca,2,0.8795710391118349,0.8795710391118349,0.9148936170212766,47,48,5.246985530546624
Online Retail II,2011-06-10,crisp_rfm_fca,3,0.9798406376581618,0.9798406376581618,0.9787234042553191,47,47,5.246985530546624
Online Retail II,2011-06-10,crisp_rfm_fca,4,0.9761043484918084,0.9761043484918084,0.9787234042553191,47,47,5.246985530546624
Online Retail II,2011-06-10,crisp_rfm_fca,5,0.9755349922050083,0.9755349922050083,1.0,47,48,5.246985530546624
Online Retail II,2011-06-10,crisp_rfm_fca,6,0.9839424475578014,0.9839424475578014,0.9787234042553191,47,46,5.246985530546624
Online Retail II,2011-06-10,crisp_rfm_fca,7,0.9777113695522055,0.9777113695522055,0.9787234042553191,47,46,5.246985530546624
Online Retail II,2011-06-10,crisp_rfm_fca,8,0.9533336421750812,0.9533336421750812,0.9787234042553191,47,49,5.246985530546624
Online Retail II,2011-06-10,crisp_rfm_fca,9,0.9770129957127546,0.9770129957127546,0.9787234042553191,47,47,5.246985530546624
Online Retail II,2011-06-10,crisp_rfm_fca,10,0.9923746537492519,0.9923746537492519,1.0,47,47,5.246985530546624
Online Retail II,2011-06-10,crisp_rfm_fca,11,0.9907611731114544,0.9907611731114544,1.0,47,47,5.246985530546624
Online Retail II,2011-06-10,crisp_rfm_fca,12,0.9762751684274997,0.9762751684274997,0.9787234042553191,47,47,5.246985530546624
Online Retail II,2011-06-10,crisp_rfm_fca,13,0.9770964917317411,0.9770964917317411,0.9574468085106383,47,45,5.246985530546624
Online Retail II,2011-06-10,crisp_rfm_fca,14,0.9917829825587061,0.9917829825587061,1.0,47,47,5.246985530546624
Online Retail II,2011-06-10,crisp_rfm_fca,15,0.9583893815857241,0.9583893815857241,1.0,47,50,5.246985530546624
Online Retail II,2011-06-10,crisp_rfm_fca,16,0.9793342024401109,0.9793342024401109,0.9787234042553191,47,46,5.246985530546624
Online Retail II,2011-06-10,crisp_rfm_fca,17,0.9777788145000766,0.9777788145000766,0.9787234042553191,47,47,5.246985530546624
Online Retail II,2011-06-10,crisp_rfm_fca,18,0.9826262162275023,0.9826262162275023,1.0,47,48,5.246985530546624
Online Retail II,2011-06-10,crisp_rfm_fca,19,0.9752768918514498,0.9752768918514498,0.9787234042553191,47,47,5.246985530546624
Online Retail II,2011-06-10,crisp_rfm_fca,20,0.9713046867387704,0.9713046867387704,1.0,47,48,5.246985530546624
Online Retail II,2011-06-10,crisp_rfm_fca,21,0.9773443698584375,0.9773443698584375,0.9787234042553191,47,47,5.246985530546624
Online Retail II,2011-06-10,crisp_rfm_fca,22,0.9745481123244388,0.9745481123244388,0.9787234042553191,47,46,5.246985530546624
Online Retail II,2011-06-10,crisp_rfm_fca,23,0.9618619590484542,0.9618619590484542,0.9787234042553191,47,48,5.246985530546624
Online Retail II,2011-06-10,crisp_rfm_fca,24,0.9861549724391365,0.9861549724391365,0.9787234042553191,47,46,5.246985530546624
Online Retail II,2011-06-10,crisp_rfm_fca,25,0.986047095321613,0.986047095321613,0.9787234042553191,47,46,5.246985530546624
Online Retail II,2011-06-10,crisp_rfm_fca,26,0.9756290366921395,0.9756290366921395,1.0,47,48,5.246985530546624
Online Retail II,2011-06-10,crisp_rfm_fca,27,0.9867660223618825,0.9867660223618825,1.0,47,48,5.246985530546624
Online Retail II,2011-06-10,crisp_rfm_fca,28,0.9530132514859203,0.9530132514859203,0.9787234042553191,47,48,5.246985530546624
Online Retail II,2011-06-10,crisp_rfm_fca,29,0.963703438844114,0.963703438844114,1.0,47,49,5.246985530546624
Online Retail II,2011-06-10,fuzzy_rfm_fca,0,0.9764205487929363,0.9613867257817186,0.9875,80,84,6.01306270096463
Online Retail II,2011-06-10,fuzzy_rfm_fca,1,0.9644179295606145,0.9363633807962699,0.975,80,81,6.01306270096463
Online Retail II,2011-06-10,fuzzy_rfm_fca,2,0.9126932702307348,0.8819648708622576,0.875,80,76,6.01306270096463
Online Retail II,2011-06-10,fuzzy_rfm_fca,3,0.9685329608762085,0.9538173947402432,0.9125,80,74,6.01306270096463
Online Retail II,2011-06-10,fuzzy_rfm_fca,4,0.9728888073997543,0.9376157599716134,0.9375,80,80,6.01306270096463
Online Retail II,2011-06-10,fuzzy_rfm_fca,5,0.9740220719571604,0.9566656845669278,0.95,80,78,6.01306270096463
Online Retail II,2011-06-10,fuzzy_rfm_fca,6,0.9784408325128784,0.9735470862850164,0.9875,80,81,6.01306270096463
Online Retail II,2011-06-10,fuzzy_rfm_fca,7,0.9518614913941661,0.9171505062176869,0.9375,80,80,6.01306270096463
Online Retail II,2011-06-10,fuzzy_rfm_fca,8,0.9702580888260385,0.9358669433517056,0.975,80,81,6.01306270096463
Online Retail II,2011-06-10,fuzzy_rfm_fca,9,0.9871384504875258,0.9659715555518132,0.9625,80,78,6.01306270096463
Online Retail II,2011-06-10,fuzzy_rfm_fca,10,0.9808937319714048,0.9670340324980716,0.9875,80,84,6.01306270096463
Online Retail II,2011-06-10,fuzzy_rfm_fca,11,0.9806511873402064,0.9713983935643797,1.0,80,83,6.01306270096463
Online Retail II,2011-06-10,fuzzy_rfm_fca,12,0.9775464819099264,0.9625356281567928,0.975,80,82,6.01306270096463
Online Retail II,2011-06-10,fuzzy_rfm_fca,13,0.9867075292517414,0.9747602431444677,0.975,80,78,6.01306270096463
Online Retail II,2011-06-10,fuzzy_rfm_fca,14,0.9831239790042041,0.9645904462532373,0.95,80,77,6.01306270096463
Online Retail II,2011-06-10,fuzzy_rfm_fca,15,0.9703856343727726,0.9482742547996904,0.95,80,79,6.01306270096463
Online Retail II,2011-06-10,fuzzy_rfm_fca,16,0.9642101800630384,0.954600714748604,0.9875,80,84,6.01306270096463
Online Retail II,2011-06-10,fuzzy_rfm_fca,17,0.9753159726047232,0.9433321826733783,0.975,80,83,6.01306270096463
Online Retail II,2011-06-10,fuzzy_rfm_fca,18,0.9829285387263683,0.9592944216697863,0.9625,80,81,6.01306270096463
Online Retail II,2011-06-10,fuzzy_rfm_fca,19,0.9715489963533515,0.9530420955120016,0.975,80,81,6.01306270096463
Online Retail II,2011-06-10,fuzzy_rfm_fca,20,0.9645044507827041,0.9255962023990407,0.9625,80,82,6.01306270096463
Online Retail II,2011-06-10,fuzzy_rfm_fca,21,0.9769044130746091,0.9655454226787772,0.975,80,80,6.01306270096463
Online Retail II,2011-06-10,fuzzy_rfm_fca,22,0.9802814448413324,0.9674679793849392,1.0,80,84,6.01306270096463
Online Retail II,2011-06-10,fuzzy_rfm_fca,23,0.955391729763863,0.9378535329964658,0.95,80,79,6.01306270096463
Online Retail II,2011-06-10,fuzzy_rfm_fca,24,0.9864397580830576,0.9525337147229717,0.975,80,81,6.01306270096463
Online Retail II,2011-06-10,fuzzy_rfm_fca,25,0.9875136207129778,0.9684573662614693,0.9625,80,78,6.01306270096463
Online Retail II,2011-06-10,fuzzy_rfm_fca,26,0.9801861182538433,0.9649873691108437,0.975,80,78,6.01306270096463
Online Retail II,2011-06-10,fuzzy_rfm_fca,27,0.9826066110782751,0.9679758080978396,0.95,80,78,6.01306270096463
Online Retail II,2011-06-10,fuzzy_rfm_fca,28,0.956646902618744,0.9335226461263911,0.95,80,79,6.01306270096463
Online Retail II,2011-06-10,fuzzy_rfm_fca,29,0.9736190705782983,0.9460213368356302,0.9625,80,79,6.01306270096463
Online Retail II,2011-06-10,fuzzy_rfm_fca_matched,0,0.9693096705456031,0.9625221274286933,0.9574468085106383,47,46,5.114750803858521
Online Retail II,2011-06-10,fuzzy_rfm_fca_matched,1,0.9690578005640305,0.9535634175472205,1.0,47,49,5.114750803858521
Online Retail II,2011-06-10,fuzzy_rfm_fca_matched,2,0.916164544525678,0.8960256010531901,0.9361702127659575,47,48,5.114750803858521
Online Retail II,2011-06-10,fuzzy_rfm_fca_matched,3,0.9886902369468689,0.9764756793913082,0.9787234042553191,47,47,5.114750803858521
Online Retail II,2011-06-10,fuzzy_rfm_fca_matched,4,0.976104016116074,0.9555211431220666,0.9574468085106383,47,47,5.114750803858521
Online Retail II,2011-06-10,fuzzy_rfm_fca_matched,5,0.9773163566069515,0.9603271411365081,0.9787234042553191,47,48,5.114750803858521
Online Retail II,2011-06-10,fuzzy_rfm_fca_matched,6,0.9757882786871935,0.9757880431639465,0.9787234042553191,47,46,5.114750803858521
Online Retail II,2011-06-10,fuzzy_rfm_fca_matched,7,0.9411927390223211,0.9129029720535079,0.9148936170212766,47,46,5.114750803858521
Online Retail II,2011-06-10,fuzzy_rfm_fca_matched,8,0.9529221013445289,0.915876402277763,0.9574468085106383,47,49,5.114750803858521
Online Retail II,2011-06-10,fuzzy_rfm_fca_matched,9,0.983122320471597,0.9694202475623649,0.9787234042553191,47,47,5.114750803858521
Online Retail II,2011-06-10,fuzzy_rfm_fca_matched,10,0.9911072063654458,0.9900941499389179,1.0,47,47,5.114750803858521
Online Retail II,2011-06-10,fuzzy_rfm_fca_matched,11,0.9820720047860321,0.9721626607660205,0.9787234042553191,47,47,5.114750803858521
Online Retail II,2011-06-10,fuzzy_rfm_fca_matched,12,0.9779117251987028,0.9730429716606561,0.9787234042553191,47,47,5.114750803858521
Online Retail II,2011-06-10,fuzzy_rfm_fca_matched,13,0.9759875976113918,0.9670299170001124,0.9574468085106383,47,45,5.114750803858521
Online Retail II,2011-06-10,fuzzy_rfm_fca_matched,14,0.9879835113305774,0.9726437874198208,0.9787234042553191,47,47,5.114750803858521
Online Retail II,2011-06-10,fuzzy_rfm_fca_matched,15,0.9612509091257083,0.9440172543723491,0.9787234042553191,47,50,5.114750803858521
Online Retail II,2011-06-10,fuzzy_rfm_fca_matched,16,0.979287506437828,0.9780761383259007,0.9787234042553191,47,46,5.114750803858521
Online Retail II,2011-06-10,fuzzy_rfm_fca_matched,17,0.9660462148605236,0.94769578576015,0.9574468085106383,47,47,5.114750803858521
Online Retail II,2011-06-10,fuzzy_rfm_fca_matched,18,0.9839883823304241,0.9668189044301684,0.9787234042553191,47,48,5.114750803858521
Online Retail II,2011-06-10,fuzzy_rfm_fca_matched,19,0.9692433203184813,0.9602313140101993,0.9787234042553191,47,47,5.114750803858521
Online Retail II,2011-06-10,fuzzy_rfm_fca_matched,20,0.9543734328149521,0.9280890873209441,0.9574468085106383,47,48,5.114750803858521
Online Retail II,2011-06-10,fuzzy_rfm_fca_matched,21,0.9750488056959119,0.9659515306722721,0.9787234042553191,47,47,5.114750803858521
Online Retail II,2011-06-10,fuzzy_rfm_fca_matched,22,0.9779271455366714,0.9749675724109707,0.9787234042553191,47,46,5.114750803858521
Online Retail II,2011-06-10,fuzzy_rfm_fca_matched,23,0.9652847520914241,0.9489801640886446,0.9787234042553191,47,48,5.114750803858521
Online Retail II,2011-06-10,fuzzy_rfm_fca_matched,24,0.9682274919614147,0.9392737893001105,0.9361702127659575,47,46,5.114750803858521
Online Retail II,2011-06-10,fuzzy_rfm_fca_matched,25,0.9783008440514469,0.9658458558162252,0.9574468085106383,47,46,5.114750803858521
Online Retail II,2011-06-10,fuzzy_rfm_fca_matched,26,0.9716993951921603,0.9537672913842905,0.9787234042553191,47,48,5.114750803858521
Online Retail II,2011-06-10,fuzzy_rfm_fca_matched,27,0.9841347994181596,0.9688866610767437,0.9787234042553191,47,48,5.114750803858521
Online Retail II,2011-06-10,fuzzy_rfm_fca_matched,28,0.9499217673403767,0.9266601813998352,0.9574468085106383,47,48,5.114750803858521
Online Retail II,2011-06-10,fuzzy_rfm_fca_matched,29,0.9645862042566223,0.9413987528290009,0.9787234042553191,47,49,5.114750803858521
Online Retail II,2011-09-09,crisp_rfm_fca,0,0.9726765313207274,0.9726765313207274,0.98,50,50,5.383450104146942
Online Retail II,2011-09-09,crisp_rfm_fca,1,0.9392413872815313,0.9392413872815313,0.96,50,52,5.383450104146942
Online Retail II,2011-09-09,crisp_rfm_fca,2,0.980961193070642,0.980961193070642,1.0,50,51,5.383450104146942
Online Retail II,2011-09-09,crisp_rfm_fca,3,0.9414926990575542,0.9414926990575542,0.98,50,53,5.383450104146942
Online Retail II,2011-09-09,crisp_rfm_fca,4,0.9804237563232072,0.9804237563232072,0.98,50,49,5.383450104146942
Online Retail II,2011-09-09,crisp_rfm_fca,5,0.9664220996449742,0.9664220996449742,0.96,50,48,5.383450104146942
Online Retail II,2011-09-09,crisp_rfm_fca,6,0.9315543306028063,0.9315543306028063,0.96,50,52,5.383450104146942
Online Retail II,2011-09-09,crisp_rfm_fca,7,0.936316986785648,0.936316986785648,0.96,50,51,5.383450104146942
Online Retail II,2011-09-09,crisp_rfm_fca,8,0.9353357335084281,0.9353357335084281,0.96,50,52,5.383450104146942
Online Retail II,2011-09-09,crisp_rfm_fca,9,0.9785110348213929,0.9785110348213929,0.98,50,49,5.383450104146942
Online Retail II,2011-09-09,crisp_rfm_fca,10,0.9794858327096541,0.9794858327096541,1.0,50,51,5.383450104146942
Online Retail II,2011-09-09,crisp_rfm_fca,11,0.974922924705163,0.974922924705163,0.98,50,50,5.383450104146942
Online Retail II,2011-09-09,crisp_rfm_fca,12,0.9704049311794056,0.9704049311794056,0.98,50,50,5.383450104146942
Online Retail II,2011-09-09,crisp_rfm_fca,13,0.976656241042721,0.976656241042721,1.0,50,51,5.383450104146942
Online Retail II,2011-09-09,crisp_rfm_fca,14,0.9739518429349903,0.9739518429349903,0.98,50,50,5.383450104146942
Online Retail II,2011-09-09,crisp_rfm_fca,15,0.9637298130765278,0.9637298130765278,0.96,50,50,5.383450104146942
Online Retail II,2011-09-09,crisp_rfm_fca,16,0.9330723716730154,0.9330723716730154,0.96,50,52,5.383450104146942
Online Retail II,2011-09-09,crisp_rfm_fca,17,0.9180780606126184,0.9180780606126184,0.92,50,50,5.383450104146942
Online Retail II,2011-09-09,crisp_rfm_fca,18,0.9804513334715947,0.9804513334715947,0.98,50,49,5.383450104146942
Online Retail II,2011-09-09,crisp_rfm_fca,19,0.9253943457077333,0.9253943457077333,0.94,50,51,5.383450104146942
Online Retail II,2011-09-09,crisp_rfm_fca,20,0.9316670642366534,0.9316670642366534,0.96,50,52,5.383450104146942
Online Retail II,2011-09-09,crisp_rfm_fca,21,0.9658637733954909,0.9658637733954909,0.98,50,51,5.383450104146942
Online Retail II,2011-09-09,crisp_rfm_fca,22,0.9737894608705061,0.9737894608705061,0.98,50,50,5.383450104146942
Online Retail II,2011-09-09,crisp_rfm_fca,23,0.9746971090513981,0.9746971090513981,0.98,50,50,5.383450104146942
Online Retail II,2011-09-09,crisp_rfm_fca,24,0.9681536740521781,0.9681536740521781,0.96,50,48,5.383450104146942
Online Retail II,2011-09-09,crisp_rfm_fca,25,0.9777809610701108,0.9777809610701108,1.0,50,52,5.383450104146942
Online Retail II,2011-09-09,crisp_rfm_fca,26,0.9367034494046423,0.9367034494046423,0.96,50,51,5.383450104146942
Online Retail II,2011-09-09,crisp_rfm_fca,27,0.9693835246997528,0.9693835246997528,0.98,50,50,5.383450104146942
Online Retail II,2011-09-09,crisp_rfm_fca,28,0.9766290122804041,0.9766290122804041,1.0,50,52,5.383450104146942
Online Retail II,2011-09-09,crisp_rfm_fca,29,0.9560076855333434,0.9560076855333434,0.96,50,49,5.383450104146942
Online Retail II,2011-09-09,fuzzy_rfm_fca,0,0.9688366480708237,0.9448604033199405,0.9358974358974359,78,76,5.9725430789623175
Online Retail II,2011-09-09,fuzzy_rfm_fca,1,0.9610254454460098,0.9467469436677538,0.9487179487179487,78,76,5.9725430789623175
Online Retail II,2011-09-09,fuzzy_rfm_fca,2,0.979805231105192,0.9463017519717233,0.9358974358974359,78,77,5.9725430789623175
Online Retail II,2011-09-09,fuzzy_rfm_fca,3,0.9535741270981016,0.9264208359504973,0.9487179487179487,78,80,5.9725430789623175
Online Retail II,2011-09-09,fuzzy_rfm_fca,4,0.9666501635341093,0.9463528065418054,0.9487179487179487,78,78,5.9725430789623175
Online Retail II,2011-09-09,fuzzy_rfm_fca,5,0.9610760203731087,0.93472626855731,0.9358974358974359,78,78,5.9725430789623175
Online Retail II,2011-09-09,fuzzy_rfm_fca,6,0.9547574653151454,0.9314426714433292,0.9358974358974359,78,77,5.9725430789623175
Online Retail II,2011-09-09,fuzzy_rfm_fca,7,0.9577230413137645,0.9332248910709043,0.9487179487179487,78,77,5.9725430789623175
Online Retail II,2011-09-09,fuzzy_rfm_fca,8,0.9615354256198999,0.9364520299604387,0.9615384615384616,78,80,5.9725430789623175
Online Retail II,2011-09-09,fuzzy_rfm_fca,9,0.9822538556774497,0.9771636113731504,0.9743589743589743,78,78,5.9725430789623175
Online Retail II,2011-09-09,fuzzy_rfm_fca,10,0.9836450227379976,0.9590847371315634,0.9615384615384616,78,78,5.9725430789623175
Online Retail II,2011-09-09,fuzzy_rfm_fca,11,0.9880223742683681,0.9622992159948524,0.9743589743589743,78,79,5.9725430789623175
Online Retail II,2011-09-09,fuzzy_rfm_fca,12,0.9650763726559867,0.9433109109962887,0.9615384615384616,78,80,5.9725430789623175
Online Retail II,2011-09-09,fuzzy_rfm_fca,13,0.9774607806088587,0.9502612178689762,0.9615384615384616,78,77,5.9725430789623175
Online Retail II,2011-09-09,fuzzy_rfm_fca,14,0.9713584365307523,0.9550740994663567,0.9487179487179487,78,75,5.9725430789623175
Online Retail II,2011-09-09,fuzzy_rfm_fca,15,0.9751216546478696,0.9536234912903893,0.9358974358974359,78,75,5.9725430789623175
Online Retail II,2011-09-09,fuzzy_rfm_fca,16,0.9598326356468753,0.9320331235878593,0.9358974358974359,78,77,5.9725430789623175
Online Retail II,2011-09-09,fuzzy_rfm_fca,17,0.957019546339751,0.9378594692940392,0.9487179487179487,78,77,5.9725430789623175
Online Retail II,2011-09-09,fuzzy_rfm_fca,18,0.9881926150157434,0.9595967709224482,0.9615384615384616,78,76,5.9725430789623175
Online Retail II,2011-09-09,fuzzy_rfm_fca,19,0.965057915952633,0.9434746188786151,0.8974358974358975,78,71,5.9725430789623175
Online Retail II,2011-09-09,fuzzy_rfm_fca,20,0.9519016558886106,0.931780117961715,0.9743589743589743,78,82,5.9725430789623175
Online Retail II,2011-09-09,fuzzy_rfm_fca,21,0.968589398943777,0.9403700985830075,0.9487179487179487,78,77,5.9725430789623175
Online Retail II,2011-09-09,fuzzy_rfm_fca,22,0.9661991769618166,0.956856304584297,0.9487179487179487,78,75,5.9725430789623175
Online Retail II,2011-09-09,fuzzy_rfm_fca,23,0.9848250815018472,0.9774329565200012,0.9615384615384616,78,76,5.9725430789623175
Online Retail II,2011-09-09,fuzzy_rfm_fca,24,0.9655519066001674,0.9410645001206212,0.9487179487179487,78,79,5.9725430789623175
Online Retail II,2011-09-09,fuzzy_rfm_fca,25,0.982714292272141,0.9675976598765774,0.9615384615384616,78,77,5.9725430789623175
Online Retail II,2011-09-09,fuzzy_rfm_fca,26,0.9478963833693798,0.9153127040629648,0.9102564102564102,78,75,5.9725430789623175
Online Retail II,2011-09-09,fuzzy_rfm_fca,27,0.9768011012314294,0.9397393173654596,0.9358974358974359,78,76,5.9725430789623175
Online Retail II,2011-09-09,fuzzy_rfm_fca,28,0.9855910358037853,0.9814646564090919,0.9743589743589743,78,77,5.9725430789623175
Online Retail II,2011-09-09,fuzzy_rfm_fca,29,0.9612650400918833,0.9282891291429846,0.9102564102564102,78,73,5.9725430789623175
Online Retail II,2011-09-09,fuzzy_rfm_fca_matched,0,0.983268150982599,0.9710732609496954,0.98,50,50,5.216625639083507
Online Retail II,2011-09-09,fuzzy_rfm_fca_matched,1,0.9434114865756601,0.9313830221578638,0.96,50,52,5.216625639083507
Online Retail II,2011-09-09,fuzzy_rfm_fca_matched,2,0.993175916111913,0.9699673671342688,0.98,50,51,5.216625639083507
Online Retail II,2011-09-09,fuzzy_rfm_fca_matched,3,0.9446348975674416,0.9247123499811513,0.96,50,53,5.216625639083507
Online Retail II,2011-09-09,fuzzy_rfm_fca_matched,4,0.977242772901739,0.9618447760138453,0.96,50,49,5.216625639083507
Online Retail II,2011-09-09,fuzzy_rfm_fca_matched,5,0.967211052260111,0.9517308438573556,0.94,50,48,5.216625639083507
Online Retail II,2011-09-09,fuzzy_rfm_fca_matched,6,0.9611322943504348,0.9472663332970602,0.98,50,52,5.216625639083507
Online Retail II,2011-09-09,fuzzy_rfm_fca_matched,7,0.9503692450956228,0.935076752677875,0.96,50,51,5.216625639083507
Online Retail II,2011-09-09,fuzzy_rfm_fca_matched,8,0.9461816513558609,0.9224119860912801,0.94,50,52,5.216625639083507
Online Retail II,2011-09-09,fuzzy_rfm_fca_matched,9,0.9697498219132379,0.9673809994655793,0.96,50,49,5.216625639083507
Online Retail II,2011-09-09,fuzzy_rfm_fca_matched,10,0.9807435405806927,0.9658451505658282,0.98,50,51,5.216625639083507
Online Retail II,2011-09-09,fuzzy_rfm_fca_matched,11,0.9828943258975451,0.9605886278214792,0.96,50,50,5.216625639083507
Online Retail II,2011-09-09,fuzzy_rfm_fca_matched,12,0.9817296985873014,0.9673774226829924,0.98,50,50,5.216625639083507
Online Retail II,2011-09-09,fuzzy_rfm_fca_matched,13,0.9674067548097087,0.9518893746857681,0.98,50,51,5.216625639083507
Online Retail II,2011-09-09,fuzzy_rfm_fca_matched,14,0.9712753566995188,0.9633788521570597,0.98,50,50,5.216625639083507
Online Retail II,2011-09-09,fuzzy_rfm_fca_matched,15,0.9840780392995883,0.9694142917127528,0.98,50,50,5.216625639083507
Online Retail II,2011-09-09,fuzzy_rfm_fca_matched,16,0.9399395119807921,0.9192459926988004,0.94,50,52,5.216625639083507
Online Retail II,2011-09-09,fuzzy_rfm_fca_matched,17,0.9436972367193918,0.928895251071642,0.94,50,50,5.216625639083507
Online Retail II,2011-09-09,fuzzy_rfm_fca_matched,18,0.9785147850949782,0.960096597743988,0.96,50,49,5.216625639083507
Online Retail II,2011-09-09,fuzzy_rfm_fca_matched,19,0.9693367794863724,0.9595553363214988,0.98,50,51,5.216625639083507
Online Retail II,2011-09-09,fuzzy_rfm_fca_matched,20,0.9446280885686301,0.918357483057698,0.94,50,52,5.216625639083507
Online Retail II,2011-09-09,fuzzy_rfm_fca_matched,21,0.9668732391133451,0.9517430111325773,0.98,50,51,5.216625639083507
Online Retail II,2011-09-09,fuzzy_rfm_fca_matched,22,0.970254100504053,0.9664979291335871,0.98,50,50,5.216625639083507
Online Retail II,2011-09-09,fuzzy_rfm_fca_matched,23,0.9801479096972374,0.9754885028777471,0.98,50,50,5.216625639083507
Online Retail II,2011-09-09,fuzzy_rfm_fca_matched,24,0.9741084529831927,0.9577201400620432,0.94,50,48,5.216625639083507
Online Retail II,2011-09-09,fuzzy_rfm_fca_matched,25,0.9848322336629475,0.9730181565874216,1.0,50,52,5.216625639083507
Online Retail II,2011-09-09,fuzzy_rfm_fca_matched,26,0.9461143923509006,0.9203015173279169,0.94,50,51,5.216625639083507
Online Retail II,2011-09-09,fuzzy_rfm_fca_matched,27,0.9802731374119371,0.9650963221885225,0.98,50,50,5.216625639083507
Online Retail II,2011-09-09,fuzzy_rfm_fca_matched,28,0.9814089443136974,0.9791297187782971,1.0,50,52,5.216625639083507
Online Retail II,2011-09-09,fuzzy_rfm_fca_matched,29,0.9741968334848472,0.9519072578204485,0.96,50,49,5.216625639083507
