dataset,id,comparison,metric,delta_mean_over_seeds,delta_seed0,delta_min_seed,delta_max_seed,ci_low,ci_high,p_boot,p_holm,committed_delta,committed_p_holm,verdict
retail2,K1,fuzzy_rfm_fca - crisp_rfm_fca,auc,0.0091302523503869,0.005591813236789,0.005591813236789,0.0120382542709814,0.004446762154585,0.0136650915031444,2e-05,0.00024,0.005591813236789,0.0135,"robust (significant, same sign)"
retail2,K1,fuzzy_rfm_fca - crisp_rfm_fca,spend_r2,0.0138205284042711,0.0138718920936701,0.0133132629557614,0.0146124713800485,0.0108707472663172,0.0168785507965321,2e-05,0.00024,0.0138718920936703,0.0135,"robust (significant, same sign)"
retail2,K1,fuzzy_rfm_fca - crisp_rfm_fca,invoice_r2,0.0279172718311572,0.0272802190844978,0.0272802190844978,0.0292442844278699,0.0226795683752151,0.0329661052999312,2e-05,0.00024,0.0272802190844979,0.0135,"robust (significant, same sign)"
retail2,K2,fuzzy_rfm_fca - spline_log_rfm,auc,0.0008780351414452,-0.0006483275387603,-0.0006483275387603,0.0028700353394371,-0.0020474807586217,0.0038191862275668,0.63664,0.72048,-0.0006483275387603,1.0,robust (not significant)
retail2,K2,fuzzy_rfm_fca - spline_log_rfm,spend_r2,0.0021449266114745,0.0016826518820957,0.0011514043423608,0.0030293722098707,-0.0022552368345054,0.0067672368642072,0.36024,0.72048,0.0016826518820958,1.0,robust (not significant)
retail2,K2,fuzzy_rfm_fca - spline_log_rfm,invoice_r2,-0.0312007714774177,-0.0317523246091476,-0.0323138576991139,-0.0298417551301488,-0.0460913975459228,-0.016174798702381,0.00032,0.00224,-0.0317523246091477,0.0135,"robust (significant, same sign)"
retail2,K3,hybrid_fuzzy_fca - spline_log_rfm,auc,0.0030145705832287,0.0031516097452054,0.0014151149048272,0.0036792184592779,0.0005128771636843,0.0048747008464217,0.01488,0.0744,0.0031516097452054,0.0075,weakened (no longer significant)
retail2,K3,hybrid_fuzzy_fca - spline_log_rfm,spend_r2,0.006028934947506,0.0055328006688689,0.0052451732390044,0.0068077424417515,0.00304095319854,0.0090177391050025,0.00016,0.00128,0.0055328006688688,0.0075,"robust (significant, same sign)"
retail2,K3,hybrid_fuzzy_fca - spline_log_rfm,invoice_r2,0.004853904192608,0.004489659335745,0.0043877410415401,0.0055808249781701,0.0006685805302752,0.0094516056911117,0.01972,0.07888,0.0044896593357449,0.0075,weakened (no longer significant)
retail2,K4,hybrid_fuzzy_fca - fuzzy_rfm_fca,auc,0.0021365354417834,0.0037999372839658,0.0003778677116096,0.0037999372839658,-0.0001373249126936,0.0046523657787328,0.08088,0.2426399999999999,0.0037999372839658,0.0075,weakened (no longer significant)
retail2,K4,hybrid_fuzzy_fca - fuzzy_rfm_fca,spend_r2,0.0038840083360315,0.0038501487867731,0.0037265136474503,0.0040937688966435,0.0013038723554026,0.0064250401793632,0.00412,0.02472,0.003850148786773,0.0075,"robust (significant, same sign)"
retail2,K4,hybrid_fuzzy_fca - fuzzy_rfm_fca,invoice_r2,0.0360546756700257,0.0362419839448926,0.03515713085839,0.0367015987406541,0.0235805934894454,0.0492145662508132,2e-05,0.00024,0.0362419839448926,0.0075,"robust (significant, same sign)"
dunnhumby,K1,fuzzy_rfm_fca - crisp_rfm_fca,auc,0.0207266120487577,0.0210425375524384,0.0169405987050976,0.0262294127581797,0.012390666576707,0.0303078655512619,2e-05,0.00024,0.0210425375524384,0.0135,"robust (significant, same sign)"
dunnhumby,K1,fuzzy_rfm_fca - crisp_rfm_fca,spend_r2,0.0269179460266853,0.0269511203189002,0.0258701315528943,0.0284358634909978,0.0211657732615885,0.03273621725619,2e-05,0.00024,0.0269511203189001,0.0135,"robust (significant, same sign)"
dunnhumby,K1,fuzzy_rfm_fca - crisp_rfm_fca,invoice_r2,0.0219026162407028,0.0213432073346104,0.0213432073346104,0.0226306042021831,0.017516212150272,0.0263090072149351,2e-05,0.00024,0.0213432073346105,0.0135,"robust (significant, same sign)"
dunnhumby,K2,fuzzy_rfm_fca - spline_log_rfm,auc,-0.0060674233674598,-0.0050395753842441,-0.0075701497816924,-0.0046903781055897,-0.0111419787624646,-0.0015309070684627,0.00664,0.05312,-0.0050395753842441,0.096,robust (not significant)
dunnhumby,K2,fuzzy_rfm_fca - spline_log_rfm,spend_r2,-0.0060374166458875,-0.0059785610877677,-0.0073287493558922,-0.0043399101186184,-0.0107140642969451,-0.0012797024706603,0.01352,0.09464,-0.0059785610877677,0.126,robust (not significant)
dunnhumby,K2,fuzzy_rfm_fca - spline_log_rfm,invoice_r2,-0.0027880956967178,-0.0030346121848296,-0.0036505225811866,-0.001604176983971,-0.0078660362829177,0.0026263816281703,0.29524,0.8857200000000001,-0.0030346121848297,1.0,robust (not significant)
dunnhumby,K3,hybrid_fuzzy_fca - spline_log_rfm,auc,-0.0017623883315561,-0.0010754217940212,-0.0036008386617822,-0.0006345687001917,-0.0065653543057285,0.0023588555773164,0.42536,0.8857200000000001,-0.0010754217940212,1.0,robust (not significant)
dunnhumby,K3,hybrid_fuzzy_fca - spline_log_rfm,spend_r2,-0.003243729304117,-0.0022205083759372,-0.0040268941860757,-0.0022205083759372,-0.0072679537450396,0.0008550433686382,0.12088,0.6044,-0.0022205083759373,1.0,robust (not significant)
dunnhumby,K3,hybrid_fuzzy_fca - spline_log_rfm,invoice_r2,0.0022124613390941,0.0024280381601189,0.0014157569924318,0.0029045525398958,-0.0018693016210677,0.0063795566819434,0.29964,0.8857200000000001,0.0024280381601189,0.8799999999999999,robust (not significant)
dunnhumby,K4,hybrid_fuzzy_fca - fuzzy_rfm_fca,auc,0.0043050350359036,0.0039641535902229,0.002727982584805,0.0060314328006914,0.0005133478477263,0.0082099010051393,0.02396,0.14376,0.0039641535902229,0.154,robust (not significant)
dunnhumby,K4,hybrid_fuzzy_fca - fuzzy_rfm_fca,spend_r2,0.0027936873417704,0.0037580527118304,0.0017624435040548,0.0037580527118304,-0.0008547977795182,0.0064011644712799,0.13448,0.6044,0.0037580527118304,0.186,robust (not significant)
dunnhumby,K4,hybrid_fuzzy_fca - fuzzy_rfm_fca,invoice_r2,0.0050005570358119,0.0054626503449486,0.0045087295238668,0.0054626503449486,0.0021809033815246,0.0077522590981496,0.00064,0.00576,0.0054626503449486,0.0075,"robust (significant, same sign)"
cdnow,K1,fuzzy_rfm_fca - crisp_rfm_fca,auc,0.0029978532072061,0.0059603398673663,0.0008724020446144,0.0059603398673663,-0.0003808358827262,0.0069412697042919,0.11372,0.34116,0.0059603398673663,0.0105,weakened (no longer significant)
cdnow,K1,fuzzy_rfm_fca - crisp_rfm_fca,spend_r2,0.0196411797783588,0.019688500146107,0.0191138532484763,0.0203406768541436,0.0168199879248286,0.0225439845852062,2e-05,0.00024,0.0196885001461069,0.0105,"robust (significant, same sign)"
cdnow,K1,fuzzy_rfm_fca - crisp_rfm_fca,invoice_r2,0.0269839200313222,0.0271593899948847,0.0262305447917654,0.0276746895130309,0.0234386945620418,0.0305427470359862,2e-05,0.00024,0.0271593899948848,0.0105,"robust (significant, same sign)"
cdnow,K2,fuzzy_rfm_fca - spline_log_rfm,auc,0.0015647585468995,0.0044424332092518,-0.0015809486675309,0.0044424332092518,-0.0026760167341164,0.0053562488656609,0.60052,0.60052,0.0044424332092518,0.0105,weakened (no longer significant)
cdnow,K2,fuzzy_rfm_fca - spline_log_rfm,spend_r2,-0.0092192188510236,-0.0090395834669784,-0.0096444492251814,-0.0087854533256149,-0.013103121332012,-0.0053130669575785,2e-05,0.00024,-0.0090395834669784,0.0105,"robust (significant, same sign)"
cdnow,K2,fuzzy_rfm_fca - spline_log_rfm,invoice_r2,-0.0324117912946291,-0.0325789263098809,-0.0331637452797352,-0.0315584416435564,-0.0424981657141058,-0.0230419103404864,2e-05,0.00024,-0.0325789263098808,0.0105,"robust (significant, same sign)"
cdnow,K3,hybrid_fuzzy_fca - spline_log_rfm,auc,0.0044665858461883,0.0050522232233141,0.0038524086338768,0.0050522232233141,0.0027453922729307,0.0061293850016343,2e-05,0.00024,0.0050522232233141,0.0105,"robust (significant, same sign)"
cdnow,K3,hybrid_fuzzy_fca - spline_log_rfm,spend_r2,0.0047304000422409,0.0049156558523535,0.004589558857032,0.0049156558523535,0.0031504479612624,0.006362253747881,2e-05,0.00024,0.0049156558523534,0.0105,"robust (significant, same sign)"
cdnow,K3,hybrid_fuzzy_fca - spline_log_rfm,invoice_r2,0.0030233606823719,0.0031080995298245,0.0026271712434419,0.0033615063810144,0.0010262876972073,0.0050310081191033,0.00296,0.01184,0.0031080995298247,0.0105,"robust (significant, same sign)"
cdnow,K4,hybrid_fuzzy_fca - fuzzy_rfm_fca,auc,0.0029018272992887,0.0006097900140622,0.0001619605682976,0.0056481159825482,-0.0005465665286448,0.0064351602528765,0.19556,0.39112,0.0006097900140622,0.193,robust (not significant)
cdnow,K4,hybrid_fuzzy_fca - fuzzy_rfm_fca,spend_r2,0.0139496188932645,0.0139552393193319,0.0136353188204891,0.0142340080822135,0.0109415774738136,0.0170287435369539,2e-05,0.00024,0.0139552393193318,0.0105,"robust (significant, same sign)"
cdnow,K4,hybrid_fuzzy_fca - fuzzy_rfm_fca,invoice_r2,0.035435151977001,0.0356870258397055,0.0349199480245708,0.0361309944425649,0.0272386783263698,0.044327692398196,2e-05,0.00024,0.0356870258397055,0.0105,"robust (significant, same sign)"
