dataset,origin,pooled,n,repurchase_rate,arm,auc,spend_r2,invoice_r2
Dunnhumby,day 347,True,2497,0.9219062875450541,raw_std,0.8728909086858696,0.4866233050864355,0.5375792796288739
Dunnhumby,day 347,True,2497,0.9219062875450541,log_rfm,0.8872574572835216,0.5290786238534035,0.6106946575812706
Dunnhumby,day 347,True,2497,0.9219062875450541,spline_log_rfm,0.9003809396511395,0.5617388859197967,0.6301566964988701
Dunnhumby,day 347,True,2497,0.9219062875450541,crisp_rfm_fca,0.8555971396110406,0.5162790656716345,0.6002485752787994
Dunnhumby,day 347,True,2497,0.9219062875450541,fuzzy_rfm_fca,0.8964623849940966,0.5499331432839238,0.6244314853034746
Dunnhumby,day 347,True,2497,0.9219062875450541,hybrid_crisp_fca,0.8960814453429571,0.5427335488953101,0.6242858478653699
Dunnhumby,day 347,True,2497,0.9219062875450541,hybrid_fuzzy_fca,0.8925750183786674,0.5541712850256326,0.630840684722574
Dunnhumby,day 438,True,2498,0.9263410728582866,raw_std,0.889709612566232,0.44883649508975876,0.5275035592300672
Dunnhumby,day 438,True,2498,0.9263410728582866,log_rfm,0.9006613806320695,0.5237201263616068,0.6154819857275802
Dunnhumby,day 438,True,2498,0.9263410728582866,spline_log_rfm,0.8965136597647589,0.5493618159702922,0.6316933951193304
Dunnhumby,day 438,True,2498,0.9263410728582866,crisp_rfm_fca,0.8700443425651047,0.5188014985514363,0.605872851668134
Dunnhumby,day 438,True,2498,0.9263410728582866,fuzzy_rfm_fca,0.8892398820036826,0.5481452824141043,0.6299078614180956
Dunnhumby,day 438,True,2498,0.9263410728582866,hybrid_crisp_fca,0.9003396151967231,0.5417017460902283,0.632529495400098
Dunnhumby,day 438,True,2498,0.9263410728582866,hybrid_fuzzy_fca,0.9017088797865545,0.5528196991667211,0.6369986280092879
Dunnhumby,day 529,True,2498,0.9295436349079264,raw_std,0.896660402474356,0.43196581883182583,0.5032453673990283
Dunnhumby,day 529,True,2498,0.9295436349079264,log_rfm,0.9065656565656566,0.5288382523019193,0.6090741529965749
Dunnhumby,day 529,True,2498,0.9295436349079264,spline_log_rfm,0.9055257027640748,0.54966846690787,0.6248808537845976
Dunnhumby,day 529,True,2498,0.9295436349079264,crisp_rfm_fca,0.8931857333020123,0.5163091395871441,0.5999203764547428
Dunnhumby,day 529,True,2498,0.9295436349079264,fuzzy_rfm_fca,0.9005412653668468,0.5378198958615141,0.616626548597684
Dunnhumby,day 529,True,2498,0.9295436349079264,hybrid_crisp_fca,0.9025012724140631,0.537125238407643,0.618998257713188
Dunnhumby,day 529,True,2498,0.9295436349079264,hybrid_fuzzy_fca,0.9053519693054577,0.5437747970100053,0.6243199202753016
Dunnhumby,day 620,True,2499,0.9315726290516206,raw_std,0.869606720122184,0.3794530954721955,0.46587588616819
Dunnhumby,day 620,True,2499,0.9315726290516206,log_rfm,0.8724226804123711,0.4963559150255097,0.5909676788550099
Dunnhumby,day 620,True,2499,0.9315726290516206,spline_log_rfm,0.8775321034545126,0.5158962815333145,0.6160646815259971
Dunnhumby,day 620,True,2499,0.9315726290516206,crisp_rfm_fca,0.8567967384095979,0.4935570208943868,0.5992425454493577
Dunnhumby,day 620,True,2499,0.9315726290516206,fuzzy_rfm_fca,0.8735505717328832,0.5168528844206599,0.6196912828702221
Dunnhumby,day 620,True,2499,0.9315726290516206,hybrid_crisp_fca,0.8704356825626495,0.511081683688418,0.6152451786998442
Dunnhumby,day 620,True,2499,0.9315726290516206,hybrid_fuzzy_fca,0.8760148509877214,0.517017635625165,0.6203485465621075
Online Retail II,2010-09-10,True,3377,0.5771394729049453,raw_std,0.7157139407841125,0.14829269216648333,0.29555164131499423
Online Retail II,2010-09-10,True,3377,0.5771394729049453,log_rfm,0.7248003357320353,0.23134292313036586,0.33401389225988154
Online Retail II,2010-09-10,True,3377,0.5771394729049453,spline_log_rfm,0.725097119401891,0.2338031217155767,0.3470899357747972
Online Retail II,2010-09-10,True,3377,0.5771394729049453,crisp_rfm_fca,0.7046948589594894,0.2251396234467392,0.2965855583193776
Online Retail II,2010-09-10,True,3377,0.5771394729049453,fuzzy_rfm_fca,0.7063957958760724,0.23239893990983218,0.31574263699112215
Online Retail II,2010-09-10,True,3377,0.5771394729049453,hybrid_crisp_fca,0.7251481403233433,0.23316843364024753,0.3464668532971794
Online Retail II,2010-09-10,True,3377,0.5771394729049453,hybrid_fuzzy_fca,0.7245962520462264,0.23530005913382235,0.3457244834940153
Online Retail II,2010-12-10,True,4314,0.30621233194251274,raw_std,0.7907357895144184,0.1814889280576415,0.3037356875809095
Online Retail II,2010-12-10,True,4314,0.30621233194251274,log_rfm,0.7964511187218827,0.30390558904042875,0.362935719305291
Online Retail II,2010-12-10,True,4314,0.30621233194251274,spline_log_rfm,0.7874647202291088,0.3178633413747005,0.4019942622355911
Online Retail II,2010-12-10,True,4314,0.30621233194251274,crisp_rfm_fca,0.7865555840235847,0.3017856851846047,0.3391921711037579
Online Retail II,2010-12-10,True,4314,0.30621233194251274,fuzzy_rfm_fca,0.795819819801591,0.3196613880614364,0.3697328385274994
Online Retail II,2010-12-10,True,4314,0.30621233194251274,hybrid_crisp_fca,0.7956743883596168,0.317374659555276,0.40099854341170904
Online Retail II,2010-12-10,True,4314,0.30621233194251274,hybrid_fuzzy_fca,0.7962244985966498,0.3235928275119826,0.40408851943500645
Online Retail II,2011-03-11,True,4606,0.35106382978723405,raw_std,0.7798485189872658,0.20914998558876263,0.3265985468744482
Online Retail II,2011-03-11,True,4606,0.35106382978723405,log_rfm,0.7836855110668617,0.2991906430933252,0.3706846356256527
Online Retail II,2011-03-11,True,4606,0.35106382978723405,spline_log_rfm,0.783257431443638,0.31424857826103325,0.41297458460205805
Online Retail II,2011-03-11,True,4606,0.35106382978723405,crisp_rfm_fca,0.7790896035411641,0.2959116117022842,0.3442672134456888
Online Retail II,2011-03-11,True,4606,0.35106382978723405,fuzzy_rfm_fca,0.7856513875966153,0.31636656237728855,0.3805597355153144
Online Retail II,2011-03-11,True,4606,0.35106382978723405,hybrid_crisp_fca,0.7781001995980728,0.3118272318882702,0.40977098793116895
Online Retail II,2011-03-11,True,4606,0.35106382978723405,hybrid_fuzzy_fca,0.7858970833687653,0.3203922735686381,0.41878576075977636
Online Retail II,2011-06-10,True,4976,0.32194533762057875,raw_std,0.8117587159500536,0.2566203441846505,0.36289770515961073
Online Retail II,2011-06-10,True,4976,0.32194533762057875,log_rfm,0.8111583623612156,0.3359601242066216,0.3933035382378298
Online Retail II,2011-06-10,True,4976,0.32194533762057875,spline_log_rfm,0.8143804757982576,0.3572804183624968,0.442709205277967
Online Retail II,2011-06-10,True,4976,0.32194533762057875,crisp_rfm_fca,0.811863153423366,0.34968766494615733,0.3873686537411668
Online Retail II,2011-06-10,True,4976,0.32194533762057875,fuzzy_rfm_fca,0.8181366171657094,0.36189486279726335,0.4119338681461583
Online Retail II,2011-06-10,True,4976,0.32194533762057875,hybrid_crisp_fca,0.8147565987092306,0.3626400491191589,0.4484438353717678
Online Retail II,2011-06-10,True,4976,0.32194533762057875,hybrid_fuzzy_fca,0.8183581652158276,0.36793008314456654,0.4539701685811026
Online Retail II,2011-09-09,True,5281,0.43400871047150164,raw_std,0.7877486502282657,0.2567909141266018,0.3705383903466234
Online Retail II,2011-09-09,True,5281,0.43400871047150164,log_rfm,0.7883456618421122,0.3134922406544387,0.38998057950321297
Online Retail II,2011-09-09,True,5281,0.43400871047150164,spline_log_rfm,0.7923037466638875,0.32531235899606403,0.42231934268092275
Online Retail II,2011-09-09,True,5281,0.43400871047150164,crisp_rfm_fca,0.7890995897114317,0.31503703237221337,0.3645110154931167
Online Retail II,2011-09-09,True,5281,0.43400871047150164,fuzzy_rfm_fca,0.793258235402993,0.32659932497453004,0.3903566283455032
Online Retail II,2011-09-09,True,5281,0.43400871047150164,hybrid_crisp_fca,0.7909093085350182,0.3232963788328578,0.41899788983113706
Online Retail II,2011-09-09,True,5281,0.43400871047150164,hybrid_fuzzy_fca,0.7931855430353414,0.3289565786952062,0.42696669498016016
Online Retail II,"2010-12-09 (primary, 365d)",False,4312,0.62569573283859,raw_std,0.7738628503559017,0.21726513489970756,0.3379387196532364
Online Retail II,"2010-12-09 (primary, 365d)",False,4312,0.62569573283859,log_rfm,0.7828682129954447,0.3420562336404962,0.46642134367914856
Online Retail II,"2010-12-09 (primary, 365d)",False,4312,0.62569573283859,spline_log_rfm,0.7773558457639465,0.34938394643161574,0.47299766816391364
Online Retail II,"2010-12-09 (primary, 365d)",False,4312,0.62569573283859,crisp_rfm_fca,0.7615293764806277,0.3404285694443282,0.4418026471229446
Online Retail II,"2010-12-09 (primary, 365d)",False,4312,0.62569573283859,fuzzy_rfm_fca,0.7848100800721632,0.3518930695285152,0.4621479492547531
Online Retail II,"2010-12-09 (primary, 365d)",False,4312,0.62569573283859,hybrid_crisp_fca,0.7689325150669227,0.3499424856216399,0.47508102012934617
Online Retail II,"2010-12-09 (primary, 365d)",False,4312,0.62569573283859,hybrid_fuzzy_fca,0.781351186752682,0.35569297680725454,0.4812007205732086
