Comparison,Metric,Point Delta (M1 - M2),95% CI Lower,95% CI Upper,Spans Zero,Empirical p-value
Fuzzy RFM-FCA (Suppressed) vs Raw RFM Baseline,Repurchase AUC,-0.006521922073550512,-0.03492890818355646,0.019623167488108082,True,0.33
Fuzzy RFM-FCA (Suppressed) vs Raw RFM Baseline,Spend R2,0.1548051800085677,0.10188776383737652,0.21360823581775412,False,0.0
Fuzzy RFM-FCA (Suppressed) vs Raw RFM Baseline,Invoice R2,0.1443385381043757,0.10276512685763874,0.18657377284148322,False,0.0
Crisp RFM-FCA vs Raw RFM Baseline,Repurchase AUC,-0.008359280765238841,-0.03125825958837818,0.014173743135275717,True,0.231
Crisp RFM-FCA vs Raw RFM Baseline,Spend R2,0.10250426478991193,0.05448151006969563,0.15668444739589474,False,0.0
Crisp RFM-FCA vs Raw RFM Baseline,Invoice R2,0.07913535139868422,0.039760213079661336,0.11836652743379368,False,0.0
Fuzzy RFM-FCA (Suppressed) vs Crisp RFM-FCA,Repurchase AUC,0.0018373586916883289,-0.019959337859224466,0.026354939294428736,True,0.425
Fuzzy RFM-FCA (Suppressed) vs Crisp RFM-FCA,Spend R2,0.052300915218655764,0.030181535075903588,0.07687802554600941,False,0.0
Fuzzy RFM-FCA (Suppressed) vs Crisp RFM-FCA,Invoice R2,0.06520318670569147,0.0390978724461161,0.09047404387736961,False,0.0
FCM Soft (k=40) vs Raw RFM Baseline,Repurchase AUC,-0.0410670706050662,-0.06669954424688315,-0.017943838307081288,False,0.001
FCM Soft (k=40) vs Raw RFM Baseline,Spend R2,0.08408019799182931,0.041404177866450134,0.13472701507396959,False,0.001
FCM Soft (k=40) vs Raw RFM Baseline,Invoice R2,0.07918541755419961,0.04044792477657458,0.1146335307359268,False,0.0
Fuzzy RFM-FCA (Suppressed) vs FCM Soft (k=40),Repurchase AUC,0.03454514853151569,0.005294700704225325,0.06625726192739688,False,0.011
Fuzzy RFM-FCA (Suppressed) vs FCM Soft (k=40),Spend R2,0.07072498201673838,0.032826142326168005,0.10752910543835174,False,0.0
Fuzzy RFM-FCA (Suppressed) vs FCM Soft (k=40),Invoice R2,0.06515312055017608,0.035766283808186985,0.0948303482059286,False,0.0
