split_seed,split_index,arm,n_features,repurchase_auc,spend_r2,invoice_r2
1000,0,Raw RFM Baseline,3,0.8877387865017251,0.4221753307279873,0.4959852875354293
1000,0,Crisp RFM-FCA,38,0.8893797862492636,0.5477056167777261,0.6135228871459919
1000,0,Fuzzy RFM-FCA (Suppressed),127,0.8958175544896071,0.5747262031590346,0.6626002881845088
1000,0,FCM Soft (matched k),38,0.8622682263177088,0.4902374827253815,0.5791164310307693
1001,1,Raw RFM Baseline,3,0.8139919773345676,0.307447207753341,0.4227218092614493
1001,1,Crisp RFM-FCA,41,0.8119302084209936,0.4465996480094526,0.5298980015217799
1001,1,Fuzzy RFM-FCA (Suppressed),95,0.8268534881763864,0.4851146675364,0.5988958372819269
1001,1,FCM Soft (matched k),41,0.7948329546410838,0.4248926603353781,0.5514761275248998
1002,2,Raw RFM Baseline,3,0.8861118123930544,0.393204705774397,0.4731900283012649
1002,2,Crisp RFM-FCA,40,0.8778226598221548,0.5224332455862735,0.6018878712282308
1002,2,Fuzzy RFM-FCA (Suppressed),103,0.8716934556369043,0.5357969276176522,0.6350820587387584
1002,2,FCM Soft (matched k),40,0.8468119722853376,0.4624627338587487,0.5799023824064933
1003,3,Raw RFM Baseline,3,0.8921147858284946,0.3572254127035003,0.4459796621387994
1003,3,Crisp RFM-FCA,40,0.87452663468821,0.4722081208124344,0.5389791379414972
1003,3,Fuzzy RFM-FCA (Suppressed),113,0.8957614519341357,0.5028902739553182,0.5997467879688829
1003,3,FCM Soft (matched k),40,0.8728996605795393,0.4118118002211494,0.5408439074188318
1004,4,Raw RFM Baseline,3,0.8648208925916575,0.346767482997506,0.4307255245279534
1004,4,Crisp RFM-FCA,41,0.835703666302,0.4420846021891342,0.5251550528623383
1004,4,Fuzzy RFM-FCA (Suppressed),114,0.8572470476030184,0.4766733898033869,0.5803628708626689
1004,4,FCM Soft (matched k),41,0.827372436814497,0.423044362579475,0.5174484386676823
1005,5,Raw RFM Baseline,3,0.8730118656904821,0.413099551492739,0.5045873018922193
1005,5,Crisp RFM-FCA,40,0.8637128671210974,0.5087177673568049,0.5893102860484395
1005,5,Fuzzy RFM-FCA (Suppressed),107,0.8821004796768492,0.5394902512004511,0.6375924266993638
1005,5,FCM Soft (matched k),40,0.8530954584981345,0.4762597178252264,0.585353733542493
1006,6,Raw RFM Baseline,3,0.8351706920250217,0.2843727181032123,0.3966008353509985
1006,6,Crisp RFM-FCA,41,0.8351145894695503,0.4500612998061837,0.5209177015635249
1006,6,Fuzzy RFM-FCA (Suppressed),107,0.8185783612443547,0.4566563455627315,0.5578805523975061
1006,6,FCM Soft (matched k),41,0.8098403882296838,0.399881561179591,0.5111651864590285
1007,7,Raw RFM Baseline,3,0.8755925832421667,0.3518848456660898,0.4309668600511905
1007,7,Crisp RFM-FCA,39,0.8656343796459929,0.4660703517232929,0.5370386194090173
1007,7,Fuzzy RFM-FCA (Suppressed),101,0.8658307385901427,0.4985497719794741,0.5991202777302734
1007,7,FCM Soft (matched k),39,0.8729277118572751,0.4745495685458232,0.5579293846719177
1008,8,Raw RFM Baseline,3,0.8265870010378973,0.3779743098180825,0.4556207174467277
1008,8,Crisp RFM-FCA,39,0.835703666302,0.4660213523347333,0.5593492439888459
1008,8,Fuzzy RFM-FCA (Suppressed),126,0.8210608993239642,0.5001214254704502,0.6083733834715963
1008,8,FCM Soft (matched k),39,0.7879603915958372,0.4297131198374906,0.540664783107226
1009,9,Raw RFM Baseline,3,0.8688602765855985,0.4099481441803528,0.4589590082770504
1009,9,Crisp RFM-FCA,40,0.8512019972509747,0.4781515934134355,0.5317386978838781
1009,9,Fuzzy RFM-FCA (Suppressed),137,0.869757917473141,0.4581356686672845,0.5654515231751382
1009,9,FCM Soft (matched k),40,0.8505988947796571,0.4891833091526123,0.5563990524108651
