Category,Metric / Parameter,Base Paper,Our Project,Directly Comparable?,Explanation
Dataset & Cohort,Total Customers (Online Retail II),"5,878","5,878",Yes,"Identical UCI dataset (2009-2011), identical clean customer count."
Dataset & Cohort,Cleaned Transactions,"805,620","805,549",Yes (approx. exact),"99.99% parity (diff = 71 transactions out of 805k, due to minor cancellation regex parsing)."
Dataset & Cohort,Outlier Removal Cohort (K-means / Ward),"5,633","Not removed in main pipeline; 5,184 / 5,633 in replication",No,"Base paper removed 245 outliers via IQR; our main pipeline evaluated all 5,878 customers without dropping outliers."
FCA Configuration,Binary Attributes,"15 (R1..R5, F1..F5, M1..M5)","15 (Crisp arm); 45 (Fuzzy arm via L-scaling at 0.3, 0.5, 0.7); 20 (Olist RFMS)",Yes (Crisp arm); No (Fuzzy & RFMS arms),Crisp arm matches exact 15 binary quintile attributes. Fuzzy arm expands to continuous memberships scaled at 3 L-cuts.
FCA Configuration,Support Threshold,> 0.04 (min 235 customers),> 0.04 (min 235 customers in Crisp & Fuzzy),Yes,Exact identical support cutoff (0.04) adopted in Retail II crisp and fuzzy experiments.
FCA Configuration,Total Formal Concepts Mined,208 concepts (uncapped fcaR),"33 concepts (Crisp >0.04); 359 concepts (Fuzzy >0.04); 1,369 (Olist validation lattice)",Partial,"Base paper reported 208 concepts across the full uncapped lattice without support cutoff; at support >0.04, our crisp arm recovers 33 concepts."
FCA Configuration,Table 7 Concept Intents,31 concepts published,31 / 31 intents recovered (100%),Yes,All 31 intents recovered; customer counts match on 3/31 due to base paper's unstated tie-breaking rule on F=1.
Clustering Metrics,K-means k=4 Silhouette,0.33,"0.3846 (Set A, 5633) / 0.3887 (Set B, 5184)",Yes (methodologically),Reproduced on preprocessed log-minmax features; difference reflects unstated IQR outlier threshold specifics.
Clustering Metrics,K-means k=4 Davies-Bouldin,1.07,"0.9995 (Set A, 5633) / 0.9945 (Set B, 5184)",Yes (methodologically),Reproduced within ~0.07 on identical feature transformations.
Clustering Metrics,K-means k=5 Silhouette,0.31,"0.3704 (Set A, 5633) / 0.3712 (Set B, 5184)",Yes (methodologically),Reproduced within ~0.06 on identical feature transformations.
Clustering Metrics,K-means k=5 Davies-Bouldin,1.08,"0.9858 (Set A, 5633) / 0.9634 (Set B, 5184)",Yes (methodologically),Reproduced within ~0.10 on identical feature transformations.
Clustering Metrics,Ward k=4 Silhouette,0.28,"0.3541 (Set A, 5633) / 0.3526 (Set B, 5184)",Yes (methodologically),Hierarchical Ward clustering on preprocessed log-minmax features.
Clustering Metrics,Ward k=4 Davies-Bouldin,1.28,"1.0427 (Set A, 5633) / 1.0506 (Set B, 5184)",Yes (methodologically),Hierarchical Ward clustering on preprocessed log-minmax features.
Clustering Metrics,FCA Silhouette / Davies-Bouldin,Not numerically reported in paper (NOT evaluated),"Diagnostic only: Sil = +0.1479 (k=4), -0.3644 (k=9)",No,The base paper NEVER evaluated Silhouette or DB on FCA. Comparing FCA to K-means on Silhouette is a representation mismatch.
New Experiments (Our Project),Fuzzy RFM-FCA Concepts,Not present (binary only; proposed as future work),359 concepts (Retail II full); 361 concepts (Olist holdout),No (New Extension),Direct realization of the base paper's proposed future work on non-binary formal contexts.
New Experiments (Our Project),Redundancy Suppression,Not present,Jaccard extent suppression at J_max = 0.8 (deduplicates 73 unique profiles),No (New Contribution),Solves threshold multiplicity inherent in L-fuzzy FCA concept lattices.
New Experiments (Our Project),Canonical Fuzzy C-Means (FCM),Not evaluated empirically (mentioned in literature review),"Evaluated at matched k (k=76 on Retail II, k=76 on Olist)",No (New Benchmark),Controls for fuzziness per se versus lattice structure.
New Experiments (Our Project),Predictive Holdout Validation,Not present (unsupervised clustering only),Retail II: AUC 0.7915 vs 0.7753 (+0.0162); Olist: AUC 0.5639 vs 0.5572 (+0.0067),No (New Evaluation Framework),Base paper had zero predictive validation; our project introduced temporal holdout regression and classification.
