Method,k,Silhouette,Davies-Bouldin,FPC,ARI_vs_KMeans,Exec_Time_s
K-Means,4,0.3394453145117864,1.0001861094734403,N/A (Crisp),1.0,0.47
Agglomerative,4,0.3222066212158764,0.9741833956926749,N/A (Crisp),0.4878,2.72
Fuzzy FCA (Proposed),4,0.02533284542121532,1.8794101945822042,0.5817,0.1747,0.02
K-Means,5,0.3714020937247079,0.8071947926733503,N/A (Crisp),1.0,0.39
Agglomerative,5,0.3382106157507315,0.8671059470564082,N/A (Crisp),0.3636,2.67
Fuzzy FCA (Proposed),5,-0.0026381742876722585,2.9123774191761953,0.6007,0.1315,0.03
K-Means,6,0.385675098653722,0.8675997194256645,N/A (Crisp),1.0,0.41
Agglomerative,6,0.28672537516005225,1.027709788287017,N/A (Crisp),0.3622,1.92
Fuzzy FCA (Proposed),6,-0.025132150688451888,2.6116996251120708,0.5444,0.157,0.03
