id,comparison,metric,delta,ci_low,ci_high,p_boot,origins_positive,p_holm
C1,fuzzy_rfm_fca - crisp_rfm_fca,auc,0.005960339867366364,0.004426523117732272,0.007462055460559101,0.0005,3/3,0.0105
C1,fuzzy_rfm_fca - crisp_rfm_fca,spend_r2,0.019688500146106902,0.016998650817995817,0.02234468367520285,0.0005,3/3,0.0105
C1,fuzzy_rfm_fca - crisp_rfm_fca,invoice_r2,0.027159389994884837,0.023734443540007286,0.03020071702669285,0.0005,3/3,0.0105
C2,fuzzy_rfm_fca - spline_log_rfm,auc,0.004442433209251899,0.0029820248610260254,0.005821017616683834,0.0005,1/3,0.0105
C2,fuzzy_rfm_fca - spline_log_rfm,spend_r2,-0.009039583466978418,-0.012292536843092994,-0.0056741350252542365,0.0005,0/3,0.0105
C2,fuzzy_rfm_fca - spline_log_rfm,invoice_r2,-0.03257892630988087,-0.039050533419169045,-0.026062286121266317,0.0005,0/3,0.0105
C3,hybrid_fuzzy_fca - spline_log_rfm,auc,0.0050522232233141855,0.003520292589483975,0.006544506433085443,0.0005,2/3,0.0105
C3,hybrid_fuzzy_fca - spline_log_rfm,spend_r2,0.004915655852353466,0.0033446204655857336,0.006401158759855481,0.0005,3/3,0.0105
C3,hybrid_fuzzy_fca - spline_log_rfm,invoice_r2,0.003108099529824715,0.0014944589209103186,0.004715056547173184,0.0005,3/3,0.0105
C4,hybrid_fuzzy_fca - fuzzy_rfm_fca,auc,0.0006097900140622873,-0.00034976703923056965,0.0015196328022796086,0.193,2/3,0.193
C4,hybrid_fuzzy_fca - fuzzy_rfm_fca,spend_r2,0.013955239319331883,0.011644429409278347,0.01635562385836044,0.0005,3/3,0.0105
C4,hybrid_fuzzy_fca - fuzzy_rfm_fca,invoice_r2,0.03568702583970559,0.030139288215484887,0.04112204498317607,0.0005,3/3,0.0105
C5,hybrid_fuzzy_fca - hybrid_crisp_fca,auc,0.0020214314596559055,0.0005207006082882233,0.003550601684939853,0.01,3/3,0.03
C5,hybrid_fuzzy_fca - hybrid_crisp_fca,spend_r2,0.002939077378103838,0.001817530425465432,0.004031142220262779,0.0005,3/3,0.0105
C5,hybrid_fuzzy_fca - hybrid_crisp_fca,invoice_r2,0.0038025867006845626,0.002522020109697282,0.005031727093317505,0.0005,3/3,0.0105
C6,hybrid_fuzzy_fca - log_rfm,auc,0.0013189869802626337,8.86903737188092e-05,0.002479265040014994,0.036,3/3,0.072
C6,hybrid_fuzzy_fca - log_rfm,spend_r2,0.019660543114959905,0.017229400450200886,0.022091103065657806,0.0005,3/3,0.0105
C6,hybrid_fuzzy_fca - log_rfm,invoice_r2,0.03293002383819099,0.028952634724749748,0.037136760790232995,0.0005,3/3,0.0105
C7,hybrid_fuzzy_fca - crisp_rfm_fca,auc,0.006570129881428651,0.004832561000304813,0.008244710776014026,0.0005,3/3,0.0105
C7,hybrid_fuzzy_fca - crisp_rfm_fca,spend_r2,0.033643739465438784,0.029839845139020223,0.037396577145335855,0.0005,3/3,0.0105
C7,hybrid_fuzzy_fca - crisp_rfm_fca,invoice_r2,0.06284641583459043,0.05579756200176845,0.06984996965463465,0.0005,3/3,0.0105
