dataset,origin,pooled,n,arm,auc,spend_r2,invoice_r2
Dunnhumby,day 347,True,2497,fuzzy_rfm_fca,0.8964623849940966,0.5499331432839238,0.6244314853034746
Dunnhumby,day 347,True,2497,tail_augmented_fuzzy_rfm_fca,0.8925750183786674,0.5541712850256326,0.630840684722574
Dunnhumby,day 347,True,2497,spline_log_rfm,0.9003809396511395,0.5617388859197967,0.6301566964988701
Dunnhumby,day 438,True,2498,fuzzy_rfm_fca,0.8892398820036826,0.5481452824141043,0.6299078614180956
Dunnhumby,day 438,True,2498,tail_augmented_fuzzy_rfm_fca,0.9017088797865545,0.5528196991667211,0.6369986280092879
Dunnhumby,day 438,True,2498,spline_log_rfm,0.8965136597647589,0.5493618159702922,0.6316933951193304
Dunnhumby,day 529,True,2498,fuzzy_rfm_fca,0.9005412653668468,0.5378198958615141,0.616626548597684
Dunnhumby,day 529,True,2498,tail_augmented_fuzzy_rfm_fca,0.9053519693054577,0.5437747970100053,0.6243199202753016
Dunnhumby,day 529,True,2498,spline_log_rfm,0.9055257027640748,0.54966846690787,0.6248808537845976
Dunnhumby,day 620,True,2499,fuzzy_rfm_fca,0.8735505717328832,0.5168528844206599,0.6196912828702221
Dunnhumby,day 620,True,2499,tail_augmented_fuzzy_rfm_fca,0.8760148509877214,0.517017635625165,0.6203485465621075
Dunnhumby,day 620,True,2499,spline_log_rfm,0.8775321034545126,0.5158962815333145,0.6160646815259971
Online Retail II,2010-09-10,True,3377,fuzzy_rfm_fca,0.7063957958760724,0.23239893990983218,0.31574263699112215
Online Retail II,2010-09-10,True,3377,tail_augmented_fuzzy_rfm_fca,0.7245962520462264,0.23530005913382235,0.3457244834940153
Online Retail II,2010-09-10,True,3377,spline_log_rfm,0.725097119401891,0.2338031217155767,0.3470899357747972
Online Retail II,2010-12-10,True,4314,fuzzy_rfm_fca,0.795819819801591,0.3196613880614364,0.3697328385274994
Online Retail II,2010-12-10,True,4314,tail_augmented_fuzzy_rfm_fca,0.7962244985966498,0.3235928275119826,0.40408851943500645
Online Retail II,2010-12-10,True,4314,spline_log_rfm,0.7874647202291088,0.3178633413747005,0.4019942622355911
Online Retail II,2011-03-11,True,4606,fuzzy_rfm_fca,0.7856513875966153,0.31636656237728855,0.3805597355153144
Online Retail II,2011-03-11,True,4606,tail_augmented_fuzzy_rfm_fca,0.7858970833687653,0.3203922735686381,0.41878576075977636
Online Retail II,2011-03-11,True,4606,spline_log_rfm,0.783257431443638,0.31424857826103325,0.41297458460205805
Online Retail II,2011-06-10,True,4976,fuzzy_rfm_fca,0.8181366171657094,0.36189486279726335,0.4119338681461583
Online Retail II,2011-06-10,True,4976,tail_augmented_fuzzy_rfm_fca,0.8183581652158276,0.36793008314456654,0.4539701685811026
Online Retail II,2011-06-10,True,4976,spline_log_rfm,0.8143804757982576,0.3572804183624968,0.442709205277967
Online Retail II,2011-09-09,True,5281,fuzzy_rfm_fca,0.793258235402993,0.32659932497453004,0.3903566283455032
Online Retail II,2011-09-09,True,5281,tail_augmented_fuzzy_rfm_fca,0.7931855430353414,0.3289565786952062,0.42696669498016016
Online Retail II,2011-09-09,True,5281,spline_log_rfm,0.7923037466638875,0.32531235899606403,0.42231934268092275
Online Retail II,"2010-12-09 (primary, 365d)",False,4312,fuzzy_rfm_fca,0.7848100800721632,0.3518930695285152,0.4621479492547531
Online Retail II,"2010-12-09 (primary, 365d)",False,4312,tail_augmented_fuzzy_rfm_fca,0.781351186752682,0.35569297680725454,0.4812007205732086
Online Retail II,"2010-12-09 (primary, 365d)",False,4312,spline_log_rfm,0.7773558457639465,0.34938394643161574,0.47299766816391364
